wavelength,zt532rdc,zt594rdc,zt633rdc,zt491rdc,zt458rdc,zt514rdc,zt561rdc,,,,,
380,0.00396805,0.179184005,0.364616007,1.00E-08,1.00E-08,0.114711002,0.0294536,,,,,
381,0.022756301,0.162677005,0.329457998,0.000702695,1.00E-08,0.116653003,0.034676202,,,,,
382,0.047037099,0.141185999,0.283659011,0.00144151,1.00E-08,0.120690003,0.042248599,,,,,
383,0.046510801,0.175904006,0.335354,0.00323611,1.00E-08,0.0513415,0.018509099,,,,,
384,0.058044501,2.48E-01,0.409685999,0.00150115,1.00E-08,0.016449099,0.0011684,,,,,
385,0.086533301,0.265370011,0.437081993,0.000313501,1.00E-08,0.023050301,3.09E-06,,,,,
386,0.074971899,0.287214994,0.424472004,0.000115007,1.00E-08,0.0622705,7.34E-05,,,,,
387,0.053012099,0.382786006,0.366564006,0.000103308,1.00E-08,0.0807845,9.50E-07,,,,,
388,0.116994001,0.434246004,0.304830998,0.000135231,1.00E-08,0.0386682,6.54E-05,,,,,
389,0.172289997,0.412966013,0.327886999,0.000393397,1.00E-08,0.0130272,0.000120672,,,,,
390,0.114053003,0.408701003,0.368149996,0.000856613,1.00E-08,0.0136869,0.000122518,,,,,
391,0.052222699,0.414168,0.301869988,0.000683213,1.00E-08,0.017493,0.000220654,,,,,
392,0.064915501,0.355316997,0.189346999,0.000236079,1.00E-08,0.0142491,0.000104338,,,,,
393,0.128726006,0.253412992,0.168714002,7.18E-05,1.00E-08,0.00720354,9.50E-07,,,,,
394,0.135361001,0.164842993,0.223215997,7.53E-05,1.00E-08,0.00270228,1.66E-05,,,,,
395,0.058398601,0.153520003,0.243147001,0.000113365,1.00E-08,0.00212887,0.000339414,,,,,
396,0.023205699,0.160965994,0.180015996,0.000162131,1.89E-05,0.00317,0.000280453,,,,,
397,0.0381261,0.095790498,0.134256005,0.000284735,1.00E-08,0.00457428,0.00398358,,,,,
398,0.104719996,0.034158401,0.173059002,0.00019945,1.37E-05,0.00422374,0.025285,,,,,
399,0.126295,0.044097099,0.262825012,5.53E-05,1.00E-08,0.00262138,0.065211199,,,,,
400,0.065467902,0.035904199,0.302394003,2.46E-05,1.00E-08,0.000920067,0.073205598,,,,,
401,0.020785701,0.00814348,0.288109004,5.64E-06,1.00E-08,0.000297561,0.073443398,,,,,
402,0.0193235,0.000501254,0.328045011,1.00E-08,3.54E-05,0.000865566,0.107409999,,,,,
403,0.027607201,1.00E-08,0.435068011,1.00E-08,0.000392053,0.0011508,0.117656,,,,,
404,0.0250338,1.00E-08,0.507198989,1.18E-05,0.000892115,0.00145694,0.084517099,,,,,
405,0.0125257,0.000306092,0.492132992,0.000224389,0.000922368,0.00211672,0.075225398,,,,,
406,0.00490313,1.00E-08,0.442510992,0.000280961,0.00048663,0.00189362,0.139494002,,,,,
407,0.00301702,0.000204199,0.464774013,0.000192714,0.000196174,0.000506944,0.195507005,,,,,
408,0.00307663,1.00E-08,0.525403023,7.42E-05,0.000181995,0.000700767,0.138001993,,,,,
409,0.00489201,5.95E-05,0.485956013,8.65E-07,0.000233359,0.000318966,0.061326001,,,,,
410,0.0068896,1.00E-08,0.388195008,1.00E-08,0.000436729,0.000567957,0.041386001,,,,,
411,0.00585424,1.00E-08,0.288617015,1.73E-05,0.00100119,0.000547029,0.067657001,,,,,
412,0.00349914,1.00E-08,0.191012993,0.0001974,0.00225301,0.000754411,0.142527997,,,,,
413,0.00175208,1.00E-08,0.149578005,0.000393398,0.00544695,0.000759332,0.169036999,,,,,
414,0.00094107,1.00E-08,0.167730004,0.000390026,0.00715296,0.000655185,0.0971983,,,,,
415,0.00141301,1.00E-08,0.208064005,0.00023983,0.00454435,0.000108961,0.040830798,,,,,
416,0.00114542,0.000702171,0.177576005,8.62E-05,0.00257668,0.000359851,0.038899399,,,,,
417,0.00140384,0.00366558,0.084710397,4.52E-06,0.00179835,0.000422683,0.088692203,,,,,
418,0.00239993,0.022722101,0.0360795,1.50E-05,0.00157863,0.000392957,0.172052994,,,,,
419,0.00233786,0.100589,0.0307501,0.000101852,0.00159782,0.000220343,0.159961,,,,,
420,0.00179321,0.172536999,0.0577222,0.000247725,0.00197461,0.00041616,0.076698199,,,,,
421,0.00127259,0.139209002,0.077293903,0.000461957,0.00288413,0.000502241,0.030752899,,,,,
422,0.000776249,0.051837102,0.039301999,0.00062962,0.00461569,0.000793809,0.031151701,,,,,
423,0.000421043,0.0168609,0.00442825,0.000542967,0.00820606,0.00066188,0.042877,,,,,
424,0.000705742,0.0145216,0.000561856,0.000385342,0.0132935,0.000490991,0.041379102,,,,,
425,0.000690761,0.042742599,0.000562375,0.00024318,0.0148632,0.000306037,0.0236696,,,,,
426,0.001274,0.107795,0.00039763,0.000251668,0.0118169,0.000213241,0.00902913,,,,,
427,0.000730859,0.129130006,0.000225637,0.00023274,0.00844407,0.000270858,0.00434772,,,,,
428,0.000581977,0.072391197,0.000151342,0.000276649,0.00672118,0.000509404,0.00323923,,,,,
429,0.000750653,0.033886701,0.000299897,0.000353137,0.00631873,0.000637814,0.00436833,,,,,
430,0.000387284,0.059560999,0.000607721,0.000680033,0.00692702,0.00042938,0.00685537,,,,,
431,0.000456025,0.133738995,0.000603519,0.00104119,0.00878063,0.000762893,0.00939111,,,,,
432,0.000582282,0.189662993,0.000360923,0.00146094,0.0128692,0.000616912,0.00751294,,,,,
433,0.000223831,0.140588999,0.00060504,0.00140088,0.016277499,0.000329096,0.00330394,,,,,
434,0.000563444,0.079167098,0.000490662,0.00105776,0.0155782,0.000233675,0.00151065,,,,,
435,0.000862663,0.078610197,0.000362022,0.000753866,0.0098843,0.000507469,0.000803388,,,,,
436,0.000789832,0.128058001,0.000493771,0.000713248,0.00579811,0.000463709,0.00069049,,,,,
437,0.000994078,0.197916001,0.000389543,0.000650738,0.00322002,0.000470627,0.00112107,,,,,
438,0.000727221,0.211706996,0.000452251,0.000831446,0.00203406,0.000707561,0.00106436,,,,,
439,0.000497116,0.177728996,0.000904771,0.00124454,0.00144853,0.000820289,0.00212004,,,,,
440,0.000782825,0.211521,0.00257478,0.002261,0.00122233,0.000711229,0.00269534,,,,,
441,0.000826192,0.306398004,0.0134596,0.00441247,0.00105706,0.000805618,0.0020065,,,,,
442,0.000545629,0.287072986,0.056175198,0.00834384,0.000983448,0.000681715,0.000906861,,,,,
443,0.000596825,0.187980995,0.116308004,0.00925851,0.00092114,0.000505698,0.00049093,,,,,
444,0.000726943,0.139740005,0.137695,0.00627039,0.000970103,0.00050981,0.000509025,,,,,
445,0.000861798,0.171569005,0.145593002,0.00386569,0.00105046,0.000458158,0.000357755,,,,,
446,0.000679106,0.172958001,0.155255005,0.00270459,0.00122024,0.000480484,0.00050498,,,,,
447,0.000811819,0.102706999,0.134776995,0.00231002,0.00150959,0.000949909,0.000784683,,,,,
448,0.000562835,0.038028799,0.155373007,0.00217585,0.00182775,0.000975151,0.00114593,,,,,
449,0.000537742,0.0209755,0.235494003,0.00235911,0.00217514,0.00134432,0.00107247,,,,,
450,0.000374898,0.0214651,0.273106009,0.00285486,0.00262976,0.00177248,0.000847019,,,,,
451,0.000608115,0.0301075,0.269484997,0.00396813,0.00325532,0.00173713,0.000245423,,,,,
452,0.00058526,0.033155199,0.210676998,0.00603588,0.00401371,0.0016055,0.000314212,,,,,
453,0.000695008,0.0245069,0.110647,0.0096412,0.00500292,0.00136594,0.000307853,,,,,
454,0.000804989,0.0118358,0.065361097,0.0144385,0.00621619,0.00108145,0.000282435,,,,,
455,0.00104314,0.00624402,0.054490998,0.0173818,0.0077041,0.0012958,0.000202566,,,,,
456,0.00109383,0.00534912,0.0391469,0.016159501,0.00963184,0.00105045,0.000327712,,,,,
457,0.00116134,0.00696028,0.060794201,0.0129862,0.0117791,0.0015934,0.000554593,,,,,
458,0.000589825,0.00895543,0.161151007,0.0102862,0.0158363,0.00231497,0.000697622,,,,,
459,0.000792774,0.00853801,0.230504006,0.00878195,0.0220061,0.0038811,0.000407856,,,,,
460,0.000694791,0.00524611,0.166391,0.00834265,0.031666499,0.006991,0.000577205,,,,,
461,0.000660619,0.00285288,0.084499203,0.00869342,0.047813099,0.0100203,0.000467889,,,,,
462,0.000649666,0.00185609,0.0758387,0.0100004,0.074361503,0.0101864,0.000341241,,,,,
463,0.00110697,0.00176071,0.130926996,0.0127395,0.119781002,0.00789606,0.000219721,,,,,
464,0.00139239,0.00220606,0.245105997,0.0168532,0.192049995,0.00532261,0.00033966,,,,,
465,0.00172079,0.00285527,0.283964992,0.02022,0.287281007,0.00397047,0.000448143,,,,,
466,0.00218335,0.00307158,0.193367004,0.019063801,0.397798002,0.00323085,0.000534864,,,,,
467,0.00222956,0.00265361,0.108631,0.0139533,0.497868001,0.00311263,0.000718494,,,,,
468,0.00161642,0.00168344,0.103083,0.00937962,0.602047026,0.00326403,0.00065379,,,,,
469,0.0013579,0.00102056,0.148044005,0.0060938,0.757714987,0.00367703,0.000675412,,,,,
470,0.00127024,0.000747443,0.173218995,0.00424219,0.882490993,0.00466518,0.000564882,,,,,
471,0.00123501,0.00092219,0.118707001,0.00312455,0.928987026,0.00645583,0.000395058,,,,,
472,0.00129299,0.00109649,0.048950799,0.00246494,0.939561009,0.00933408,0.000312984,,,,,
473,0.00138527,0.00134678,0.0217226,0.002104,0.944984972,0.0139459,0.000245468,,,,,
474,0.001922,0.00135722,0.0153355,0.0019188,0.951985002,0.0186399,0.000250493,,,,,
475,0.00281073,0.00122695,0.017268799,0.00185619,0.955973983,0.02101,0.000231818,,,,,
476,0.00485398,0.00101585,0.025978601,0.00185175,0.960970998,0.0196534,0.000480168,,,,,
477,0.0084487,0.000767071,0.033622701,0.00189679,0.963424027,0.0162785,0.000603573,,,,,
478,0.0113686,0.000423329,0.0289113,0.00201219,0.963571012,0.0128307,0.000808492,,,,,
479,0.0113528,0.000570569,0.0144346,0.00217295,0.962400019,0.0106523,0.00093388,,,,,
480,0.00843332,0.000726011,0.0056984,0.00246105,0.961291015,0.00951942,0.000860881,,,,,
481,0.00562796,0.000802097,0.00311615,0.00289705,0.959914029,0.00953842,0.00080808,,,,,
482,0.00414135,0.000917288,0.00221855,0.00337837,0.959433019,0.0107039,0.000514486,,,,,
483,0.00355892,0.000957445,0.00207222,0.00392394,0.96004802,0.012976,0.000368919,,,,,
484,0.00314872,0.000772407,0.00246087,0.00459618,0.960247993,0.0167876,0.000424282,,,,,
485,0.00328851,0.000543832,0.00366464,0.00524812,0.959662974,0.021782501,0.000434577,,,,,
486,0.00365087,0.000578893,0.00615208,0.0062006,0.959712029,0.024681199,0.000459583,,,,,
487,0.00448515,0.000515069,0.00802667,0.00745861,0.961304009,0.0225066,0.000659685,,,,,
488,0.00577052,0.000551965,0.00697629,0.00892099,0.963824987,0.0166946,0.000850604,,,,,
489,0.00824347,0.000547257,0.00419132,0.0106555,0.965318024,0.0110042,0.00119598,,,,,
490,0.0119074,0.000590856,0.00212245,0.0125991,0.966449022,0.00701618,0.00174499,,,,,
491,0.016445899,0.000833103,0.00129103,0.0157231,0.96845299,0.00500412,0.00216093,,,,,
492,0.020295,0.000768953,0.00118126,0.020738101,0.970885992,0.00371916,0.00221088,,,,,
493,0.020811399,0.000797256,0.00131086,0.027594101,0.972366989,0.00308625,0.001951,,,,,
494,0.018145399,0.000610665,0.00153371,0.0379568,0.972855985,0.0026111,0.00161534,,,,,
495,0.0149141,0.000563586,0.00213368,0.054128099,0.971211016,0.00237091,0.00126791,,,,,
496,0.0121585,0.000543888,0.00267651,0.079099499,0.971117973,0.00220978,0.001172,,,,,
497,0.010757,0.000592037,0.00261001,0.109117001,0.969658017,0.0022676,0.00116702,,,,,
498,0.0101602,0.000734941,0.00191932,0.161337003,0.970174015,0.00240186,0.00125902,,,,,
499,0.0104414,0.000782028,0.00116818,0.234946996,0.970961988,0.00254738,0.00172947,,,,,
500,0.0117974,0.000874947,0.000872517,0.327114999,0.971427977,0.00268539,0.00259231,,,,,
501,0.0142002,0.000936336,0.000742339,0.431663007,0.972508013,0.00303004,0.00415507,,,,,
502,0.017962901,0.000813223,0.00063394,0.51323998,0.972774029,0.00335558,0.00735033,,,,,
503,0.0226149,0.000680218,0.000705226,0.629453003,0.972513974,0.00367908,0.0112254,,,,,
504,0.024782199,0.000661771,0.00094261,0.76868701,0.972902,0.00416216,0.013048,,,,,
505,0.022646699,0.000678148,0.00123415,0.871967971,0.972636998,0.00470403,0.0111868,,,,,
506,0.017576599,0.000835485,0.00145316,0.912258983,0.972841024,0.00539016,0.00777598,,,,,
507,0.0121756,0.00109868,0.00136021,0.923869014,0.97211498,0.00620669,0.00546791,,,,,
508,0.00840736,0.00129207,0.00112582,0.931137025,0.973188996,0.00713022,0.00422747,,,,,
509,0.00600334,0.00118622,0.000813272,0.939100027,0.973249018,0.00818547,0.00358017,,,,,
510,0.00464451,0.00106965,0.000543473,0.945218027,0.972989976,0.00971711,0.0035322,,,,,
511,0.00379419,0.000930518,0.000451337,0.950259984,0.971886992,0.0114695,0.00359265,,,,,
512,0.0031972,0.000783208,0.000476027,0.95449698,0.972709,0.0139603,0.00413666,,,,,
513,0.00294752,0.000741447,0.000494143,0.957204998,0.97150898,0.017422,0.0049853,,,,,
514,0.00272134,0.00069155,0.000522765,0.958293021,0.970650017,0.0221649,0.0066134,,,,,
515,0.00274356,0.000952074,0.000702235,0.959797978,0.96895498,0.029074199,0.00918985,,,,,
516,0.00271121,0.00120995,0.000969321,0.960412025,0.968706012,0.038369101,0.0128544,,,,,
517,0.00282764,0.00157552,0.00117843,0.961996019,0.969734013,0.0529835,0.0178388,,,,,
518,0.00297978,0.00202904,0.00114112,0.963084996,0.971418023,0.074865401,0.0222164,,,,,
519,0.00314042,0.00232518,0.000994285,0.963913977,0.972581029,0.107951999,0.023881,,,,,
520,0.0034316,0.0020853,0.000714607,0.965009987,0.975079,0.157196999,0.022280799,,,,,
521,0.00384051,0.00173237,0.000548564,0.964614987,0.978076994,0.226707995,0.0188471,,,,,
522,0.00430335,0.00145087,0.000501465,0.963477015,0.980459988,0.307826012,0.0159487,,,,,
523,0.00477149,0.00125714,0.000405562,0.962275982,0.981599987,0.403822988,0.0135495,,,,,
524,0.00521633,0.00121084,0.000491517,0.961808026,0.981477976,0.502126992,0.0121946,,,,,
525,0.00588578,0.00124963,0.000606456,0.962779999,0.981221974,0.614660025,0.0118367,,,,,
526,0.00663332,0.00158156,0.000711472,0.964672983,0.981283009,0.735332012,0.0122788,,,,,
527,0.00745424,0.00215201,0.00105787,0.966930985,0.979062021,0.838431001,0.0136456,,,,,
528,0.00858588,0.00311047,0.00131035,0.970616996,0.976722002,0.914906025,0.0160168,,,,,
529,0.00991618,0.00437082,0.00140705,0.972124994,0.975615025,0.95094198,0.0194942,,,,,
530,0.0114736,0.00528663,0.00124477,0.97338903,0.975676,0.963281989,0.024392501,,,,,
531,0.0134653,0.00548074,0.00092746,0.973356009,0.975351989,0.966744006,0.0290705,,,,,
532,0.016307401,0.00495581,0.000688796,0.971889973,0.975535989,0.971350014,0.030459801,,,,,
533,0.0200847,0.00411037,0.000630062,0.970642984,0.976553023,0.971412003,0.0272735,,,,,
534,0.0255704,0.00340504,0.000556492,0.969587028,0.978532016,0.974563003,0.020983201,,,,,
535,0.032645401,0.00313474,0.000487125,0.968349993,0.98081398,0.974722981,0.0149396,,,,,
536,0.0433111,0.00324145,0.000548638,0.968922973,0.981873989,0.972427011,0.0107604,,,,,
537,0.059455801,0.00385628,0.000683544,0.968798995,0.98210597,0.969704986,0.00799893,,,,,
538,0.083363898,0.00538654,0.000838626,0.969563007,0.982622981,0.970713019,0.00619662,,,,,
539,0.118267,0.0084979,0.00122036,0.970480025,0.982475996,0.970583022,0.00497929,,,,,
540,0.168697,0.0142406,0.00158168,0.970960975,0.982379973,0.970812976,0.00432559,,,,,
541,0.235177994,0.020076601,0.00177776,0.971463025,0.982667029,0.972338021,0.00392084,,,,,
542,0.312530994,0.0210697,0.00165138,0.972193003,0.982683003,0.972835004,0.00356518,,,,,
543,0.405889988,0.0158839,0.00146565,0.971637011,0.983031988,0.974749029,0.0034144,,,,,
544,0.506878018,0.00963552,0.00125759,0.972012997,0.982514024,0.978307009,0.00345048,,,,,
545,0.62105298,0.00578662,0.0010088,0.972232997,0.981994987,0.980545998,0.00345539,,,,,
546,0.742223024,0.00417758,0.000826655,0.972925007,0.982930005,0.979502976,0.00361479,,,,,
547,0.852693021,0.00346388,0.000784951,0.973604023,0.98269397,0.978619993,0.00375805,,,,,
548,0.924641013,0.00331698,0.000868504,0.97418803,0.98300302,0.975546002,0.00402019,,,,,
549,0.955061972,0.00372236,0.00103767,0.975507021,0.983209014,0.97508198,0.00432649,,,,,
550,0.964039028,0.00482208,0.00128756,0.977307022,0.983776987,0.974489987,0.00476412,,,,,
551,0.966922998,0.00743624,0.00173955,0.977921009,0.983778,0.974651992,0.00522657,,,,,
552,0.969330013,0.0131541,0.00257887,0.977575004,0.983898997,0.974156022,0.00574751,,,,,
553,0.971078992,0.0229785,0.00369786,0.977075994,0.984153986,0.973719001,0.00633221,,,,,
554,0.972371995,0.032393102,0.00458533,0.97686398,0.983049989,0.973577023,0.00700724,,,,,
555,0.97339797,0.0295237,0.00474966,0.975907981,0.981949985,0.972432971,0.0077744,,,,,
556,0.974030972,0.0177348,0.00414184,0.975233018,0.981290996,0.97341001,0.00878671,,,,,
557,0.974659026,0.00935645,0.00325031,0.975001991,0.98110503,0.973972023,0.0098157,,,,,
558,0.97477901,0.00580608,0.00268173,0.975220025,0.981936991,0.975413024,0.0111495,,,,,
559,0.97400099,0.00424166,0.00232498,0.974858999,0.981621027,0.975758016,0.0129852,,,,,
560,0.972743988,0.00366941,0.00229823,0.975741029,0.981348991,0.975495994,0.0154053,,,,,
561,0.973819971,0.00378163,0.00244029,0.97664398,0.981756985,0.975148022,0.018557001,,,,,
562,0.974940002,0.00452172,0.00291985,0.978097022,0.98190099,0.974929988,0.0226654,,,,,
563,0.975798011,0.0059343,0.003768,0.97842598,0.983458996,0.977002025,0.028480999,,,,,
564,0.975854993,0.010061,0.00547675,0.979291975,0.983662009,0.977059007,0.0368632,,,,,
565,0.974958003,0.019892,0.00873019,0.980067015,0.983699977,0.977831006,0.048722401,,,,,
566,0.973643005,0.033451099,0.0136454,0.978691995,0.982967973,0.977029979,0.065712303,,,,,
567,0.973452985,0.0369782,0.0180039,0.978444993,0.982662022,0.976220012,0.088799298,,,,,
568,0.972862005,0.0256551,0.0186469,0.978748024,0.981323004,0.976319015,0.123737,,,,,
569,0.972972989,0.0123269,0.0153479,0.977984011,0.981437981,0.976585984,0.172494993,,,,,
570,0.973550975,0.00573581,0.0109218,0.976445973,0.982066989,0.975905001,0.234758005,,,,,
571,0.974942982,0.00331667,0.00783211,0.976054013,0.982379973,0.974573016,0.311235994,,,,,
572,0.976225019,0.0022766,0.00602868,0.975444973,0.981724024,0.974157989,0.397698998,,,,,
573,0.977564991,0.00178129,0.00518158,0.975405991,0.98278898,0.974511981,0.491822988,,,,,
574,0.978363991,0.00151021,0.00470594,0.976406991,0.982886016,0.973609984,0.590263009,,,,,
575,0.978963017,0.0013757,0.00465696,0.976963997,0.983070016,0.973478973,0.702418029,,,,,
576,0.979129016,0.00132021,0.00493795,0.977711976,0.983402014,0.975674987,0.805541992,,,,,
577,0.97853899,0.00122071,0.00546628,0.979493976,0.983240008,0.976611018,0.882255018,,,,,
578,0.977949977,0.00124465,0.00652169,0.979644001,0.984354973,0.977061987,0.927444994,,,,,
579,0.977452993,0.00135026,0.00786533,0.980319977,0.984021008,0.977086008,0.947642982,,,,,
580,0.977087021,0.00152221,0.0103157,0.981233001,0.984887004,0.977541983,0.954463005,,,,,
581,0.977156997,0.00162537,0.0138018,0.981213987,0.984516978,0.977348983,0.957458973,,,,,
582,0.97784698,0.00180718,0.0185101,0.980944991,0.984395981,0.977654994,0.957557976,,,,,
583,0.977849007,0.00213554,0.024120299,0.980666995,0.983946979,0.976809978,0.957956016,,,,,
584,0.978439987,0.0023311,0.0291637,0.980323017,0.983695984,0.975498974,0.961208999,,,,,
585,0.979362011,0.0026148,0.0313503,0.979893982,0.983013988,0.975845993,0.961899996,,,,,
586,0.979516029,0.00309751,0.029972799,0.979674995,0.982928991,0.976161003,0.964707971,,,,,
587,0.980787992,0.00347259,0.0265499,0.979707003,0.982753992,0.976298988,0.965031981,,,,,
588,0.981561005,0.0039889,0.0224148,0.979939997,0.980795979,0.977712989,0.965727985,,,,,
589,0.981962025,0.00459854,0.018885599,0.979627013,0.980436981,0.978693008,0.966103971,,,,,
590,0.981034994,0.00560147,0.016632499,0.979880989,0.980027974,0.979443014,0.964856982,,,,,
591,0.980723023,0.00645192,0.0153537,0.980042994,0.979350984,0.980287015,0.967212021,,,,,
592,0.980352998,0.00752615,0.0148844,0.979757011,0.979170024,0.981558025,0.968236029,,,,,
593,0.977995992,0.00957551,0.0155273,0.979988992,0.978601992,0.979771972,0.970933974,,,,,
594,0.979057014,0.0120459,0.017015001,0.979909003,0.97785598,0.978762984,0.969012976,,,,,
595,0.980723023,0.016083499,0.0200164,0.979668021,0.978052974,0.976332009,0.967179,,,,,
596,0.980143011,0.021854499,0.0242332,0.979375005,0.977571011,0.974956989,0.968352973,,,,,
597,0.979258001,0.0311381,0.0301247,0.979174972,0.977352977,0.973945022,0.966154993,,,,,
598,0.977405012,0.046187799,0.036317699,0.979224026,0.976538002,0.974420011,0.964713991,,,,,
599,0.981025994,0.071246497,0.039053701,0.978877008,0.977648973,0.973533988,0.96488899,,,,,
600,0.980386972,0.112323999,0.036078699,0.978779972,0.977389991,0.974694014,0.965689003,,,,,
601,0.981194019,0.180373996,0.0298131,0.978806019,0.976988971,0.977621973,0.965439975,,,,,
602,0.981764972,0.279751986,0.019755499,0.978627026,0.977331996,0.980714023,0.969265997,,,,,
603,0.981719017,0.374114007,0.0137193,0.979030013,0.978958011,0.982375026,0.972811997,,,,,
604,0.982034981,0.462217987,0.0100029,0.979595006,0.97941798,0.982702971,0.973721981,,,,,
605,0.982924998,0.544146001,0.00767887,0.979367971,0.979462981,0.982351005,0.975682974,,,,,
606,0.982671022,0.655653,0.00612636,0.979202986,0.980165005,0.982159972,0.977651,,,,,
607,0.983326018,0.799120009,0.00512691,0.979287982,0.979937971,0.982245028,0.977827013,,,,,
608,0.982867002,0.90723902,0.00440827,0.97964102,0.980512023,0.983183026,0.979005992,,,,,
609,0.984028995,0.944808006,0.00400299,0.980063975,0.98042798,0.98308301,0.978206992,,,,,
610,0.986356974,0.952091992,0.00379512,0.980565012,0.981958985,0.983301997,0.975076973,,,,,
611,0.987260997,0.95866102,0.00355999,0.980455995,0.981791019,0.981635988,0.978555024,,,,,
612,0.98873502,0.965799987,0.00349922,0.980359972,0.981700003,0.980876029,0.976662993,,,,,
613,0.989628017,0.970465004,0.00339064,0.979653001,0.982158005,0.979867995,0.974941015,,,,,
614,0.989874005,0.972786009,0.00345894,0.978510976,0.981378973,0.979718029,0.975507975,,,,,
615,0.989136994,0.974202991,0.0035889,0.979231,0.980994999,0.981222987,0.975485981,,,,,
616,0.987878978,0.975647986,0.00363201,0.979717016,0.981411994,0.981844008,0.975112021,,,,,
617,0.986778975,0.97616601,0.00385818,0.980140984,0.981862009,0.982662022,0.977029979,,,,,
618,0.985468984,0.976074994,0.00401574,0.979749978,0.98221302,0.983941972,0.979472995,,,,,
619,0.984203994,0.975476027,0.00424762,0.980302989,0.981806993,0.984202981,0.978883982,,,,,
620,0.983155012,0.974856019,0.00446437,0.980937004,0.982285023,0.98675698,0.978298008,,,,,
621,0.982335985,0.97320497,0.00482663,0.981751025,0.982178986,0.98545301,0.978061974,,,,,
622,0.981194019,0.975006998,0.00521247,0.982128978,0.982419014,0.983759999,0.979507983,,,,,
623,0.981585979,0.976006985,0.00556732,0.982536972,0.982477009,0.985324979,0.979682982,,,,,
624,0.982581019,0.976840019,0.00601939,0.982725024,0.982845008,0.984623015,0.978250027,,,,,
625,0.983106971,0.976969004,0.00655791,0.983735025,0.983039021,0.98427701,0.980122983,,,,,
626,0.983120024,0.975722015,0.0072488,0.983412981,0.983129978,0.984003007,0.975350976,,,,,
627,0.983985007,0.97428298,0.00808982,0.983573973,0.982837021,0.984384,0.979359984,,,,,
628,0.984623015,0.972283006,0.00890665,0.983051002,0.981182992,0.985006988,0.977769971,,,,,
629,0.985270023,0.971566975,0.0100616,0.98268503,0.979986012,0.985028982,0.97754699,,,,,
630,0.985040009,0.971979976,0.0117161,0.982761025,0.979196012,0.983229995,0.980854988,,,,,
631,0.985094011,0.972738981,0.0136325,0.983098984,0.977648973,0.983438015,0.979952991,,,,,
632,0.984660983,0.973782003,0.0161692,0.982012987,0.976723015,0.983298004,0.977379024,,,,,
633,0.984649003,0.975273013,0.0197726,0.980854988,0.976795971,0.983918011,0.978241026,,,,,
634,0.98486501,0.977308989,0.0243931,0.980458975,0.975794971,0.983130991,0.977069974,,,,,
635,0.985156,0.977925003,0.0306499,0.980315983,0.975099981,0.984592021,0.977429986,,,,,
636,0.985358,0.977871001,0.0392287,0.979709029,0.975808024,0.984160006,0.977068007,,,,,
637,0.985444009,0.977590978,0.051151101,0.978801012,0.976695001,0.983353019,0.976647973,,,,,
638,0.985114992,0.974335015,0.0694554,0.97793299,0.977919996,0.984018981,0.974869013,,,,,
639,0.985292971,0.97249198,0.093219496,0.977402985,0.978974998,0.984516978,0.975116014,,,,,
640,0.985547006,0.971184015,0.126250997,0.977514982,0.980701983,0.985301018,0.975206971,,,,,
641,0.985858023,0.971777976,0.170884997,0.976795971,0.98022902,0.981118977,0.975063026,,,,,
642,0.986544013,0.973424971,0.232740998,0.976697981,0.98190701,0.983081996,0.97714901,,,,,
643,0.986687005,0.975683987,0.306955993,0.976532996,0.982518971,0.982913017,0.976970971,,,,,
644,0.98714,0.977230012,0.384541005,0.97626102,0.982079983,0.982029021,0.978628993,,,,,
645,0.98755002,0.979112983,0.465914994,0.977123976,0.981755018,0.980315983,0.980836987,,,,,
646,0.986936986,0.980561018,0.548686028,0.976713002,0.981042981,0.979501009,0.982487977,,,,,
647,0.986934006,0.981231987,0.638198018,0.976822019,0.980660975,0.98031801,0.983066976,,,,,
648,0.986422002,0.980077982,0.731441021,0.976770997,0.980149984,0.981832981,0.983435988,,,,,
649,0.985567987,0.978277981,0.818377018,0.977014005,0.978510976,0.982698023,0.984169006,,,,,
650,0.985575974,0.975998998,0.88874799,0.977406025,0.977105021,0.983812988,0.983852029,,,,,
651,0.984898984,0.974622011,0.929737985,0.977141023,0.974744022,0.984614015,0.982164979,,,,,
652,0.98475498,0.973466992,0.95075798,0.978323996,0.97209698,0.984965026,0.980587006,,,,,
653,0.984516978,0.973707974,0.960005999,0.979094028,0.969460011,0.985249996,0.981207013,,,,,
654,0.98426801,0.975104988,0.965146005,0.979596972,0.968424022,0.986279011,0.980714977,,,,,
655,0.985180974,0.974973023,0.968576014,0.980279028,0.967869997,0.986575007,0.978248,,,,,
656,0.986118019,0.97667098,0.971287012,0.980475008,0.967366993,0.986343026,0.978227973,,,,,
657,0.986508012,0.979007006,0.974568009,0.980985999,0.966445982,0.985692024,0.977403998,,,,,
658,0.986827016,0.980570018,0.977365017,0.981440008,0.966241002,0.985427022,0.977907002,,,,,
659,0.987254977,0.982168019,0.978718996,0.980189979,0.967518985,0.985319018,0.978799999,,,,,
660,0.987304986,0.982142985,0.979750991,0.980756998,0.967817008,0.984836996,0.980060995,,,,,
661,0.987640977,0.982677996,0.977816999,0.980772018,0.968442023,0.984889984,0.980291009,,,,,
662,0.988669991,0.98241502,0.976279974,0.979691029,0.968333006,0.98436898,0.981751025,,,,,
663,0.988364995,0.981685996,0.974478006,0.979413986,0.968946993,0.984157026,0.982232988,,,,,
664,0.988228977,0.981374979,0.971549988,0.979525983,0.96944201,0.984246016,0.982225001,,,,,
665,0.988211989,0.980166972,0.970323026,0.979110003,0.968545973,0.984346986,0.981384993,,,,,
666,0.987859011,0.980206013,0.970875978,0.978130996,0.967297971,0.984719992,0.981621027,,,,,
667,0.988273978,0.979342997,0.971222997,0.978742003,0.966404021,0.984655976,0.980543017,,,,,
668,0.98743099,0.979296982,0.971399009,0.979577005,0.964769006,0.984007001,0.980039001,,,,,
669,0.987275004,0.979809999,0.971903026,0.978667021,0.963521004,0.983621001,0.980049014,,,,,
670,0.986936986,0.980026007,0.972535014,0.978398025,0.961600006,0.983415008,0.979744971,,,,,
671,0.986307025,0.98022902,0.973604023,0.979749024,0.958814025,0.982730985,0.979063988,,,,,
672,0.986509979,0.979678988,0.974250972,0.979647994,0.956719995,0.983298004,0.978069007,,,,,
673,0.986280978,0.979366004,0.976894975,0.981823027,0.955052972,0.982267022,0.977937996,,,,,
674,0.986102998,0.979267001,0.976936996,0.982957006,0.954140007,0.981167018,0.978294015,,,,,
675,0.986325026,0.978690982,0.978936017,0.983319998,0.952270985,0.981352985,0.981456995,,,,,
676,0.987941027,0.978842974,0.980581999,0.983897984,0.950802982,0.981418014,0.981042981,,,,,
677,0.988561988,0.979786992,0.981311977,0.98280102,0.949878991,0.982327998,0.98062098,,,,,
678,0.987030029,0.980897009,0.982129991,0.981571019,0.946334004,0.982424021,0.985256016,,,,,
679,0.988623977,0.982255995,0.981480002,0.980957985,0.944323003,0.981801987,0.98438102,,,,,
680,0.989338994,0.983335018,0.980390012,0.978950977,0.939679027,0.981471002,0.983850002,,,,,
681,0.988113999,0.984210014,0.97973001,0.977717996,0.932627022,0.981265008,0.982366025,,,,,
682,0.987410009,0.985940993,0.981010973,0.97586298,0.924403012,0.981127024,0.981096029,,,,,
683,0.988017976,0.986265004,0.982927024,0.975368977,0.913057983,0.98211199,0.983407021,,,,,
684,0.988294005,0.986488998,0.982267022,0.973922014,0.900766015,0.982959986,0.98406601,,,,,
685,0.988741994,0.986073017,0.980476975,0.973065019,0.885281026,0.982913971,0.983074009,,,,,
686,0.988325,0.985256016,0.979861021,0.972796023,0.867161989,0.983475029,0.982738018,,,,,
687,0.98841399,0.984881997,0.980579972,0.973232985,0.85007602,0.984227002,0.981935024,,,,,
688,0.988359988,0.984103024,0.980057001,0.973021984,0.833437979,0.984560013,0.981031001,,,,,
689,0.988384008,0.983560026,0.980278015,0.973892987,0.813067019,0.986585021,0.981444001,,,,,
690,0.988144994,0.982616007,0.980351985,0.974996984,0.796656013,0.986616015,0.981206,,,,,
691,0.988281012,0.983534992,0.980861008,0.975597978,0.779863,0.984937012,0.981739998,,,,,
692,0.988294005,0.983134985,0.983045995,0.977607012,0.765398979,0.98406601,0.982779026,,,,,
693,0.987604976,0.984866977,0.983996987,0.978067994,0.750799,0.984597027,0.981996,,,,,
694,0.986759007,0.985491991,0.984462023,0.980067015,0.73645997,0.984380007,0.983358979,,,,,
695,0.985927999,0.988049984,0.984368026,0.980763972,0.726235986,0.984131992,0.982249022,,,,,
696,0.98587501,0.987590015,0.984408021,0.981155992,0.716250002,0.984386981,0.982904971,,,,,
697,0.985988975,0.988345981,0.984803021,0.982551992,0.70707798,0.98307699,0.983758986,,,,,
698,0.985400021,0.989063978,0.983458996,0.982335985,0.697978973,0.983273029,0.983708978,,,,,
699,0.985394001,0.988322973,0.980373025,0.981649995,0.69214201,0.982279003,0.984758973,,,,,
700,0.984640002,0.988048017,0.979170024,0.980162024,0.686140001,0.981841028,0.983743012,,,,,
701,0.984484017,0.987258017,0.979669988,0.978295028,0.68254298,0.981472015,0.983639002,,,,,
702,0.983868003,0.986796021,0.978657007,0.976857007,0.678386986,0.981685996,0.984692991,,,,,
703,0.983074009,0.985094011,0.976509988,0.97370398,0.677614987,0.983519018,0.981673002,,,,,
704,0.982450008,0.984120011,0.97656101,0.969986022,0.678591013,0.984102011,0.981595993,,,,,
705,0.982964993,0.98338002,0.976983011,0.969088972,0.682259023,0.983411014,0.982562006,,,,,
706,0.982473016,0.981831014,0.979267001,0.966476977,0.687035024,0.983990014,0.980763018,,,,,
707,0.983401,0.981593013,0.979125977,0.963681996,0.693039,0.984314024,0.979103982,,,,,
708,0.984156013,0.981046975,0.979210973,0.962189019,0.699307024,0.984540999,0.980850995,,,,,
709,0.985035002,0.981818974,0.980619013,0.961485982,0.703170002,0.985099971,0.979987979,,,,,
710,0.986701012,0.98277998,0.980270028,0.961682022,0.703171015,0.984993994,0.981990993,,,,,
711,0.98743999,0.984705985,0.980518997,0.962028027,0.695324004,0.984201014,0.982230008,,,,,
712,0.988063991,0.98685497,0.981217027,0.961158991,0.679364979,0.982773006,0.983605027,,,,,
713,0.988417029,0.988523006,0.980776012,0.962936997,0.650638998,0.982025027,0.982833982,,,,,
714,0.988129973,0.988974988,0.98189503,0.964456022,0.614871025,0.980919003,0.983119011,,,,,
715,0.988135993,0.989196002,0.983484983,0.965636015,0.577238023,0.981091022,0.983394027,,,,,
716,0.98793,0.988660991,0.98357302,0.96607703,0.539049983,0.980996013,0.983044028,,,,,
717,0.987712026,0.988026977,0.984282017,0.967292011,0.501904011,0.980346024,0.983663976,,,,,
718,0.987393975,0.986329973,0.984903991,0.967952013,0.464356005,0.980270028,0.984242022,,,,,
719,0.986370981,0.983776987,0.985737979,0.967528999,0.436984003,0.980412006,0.983566999,,,,,
720,0.986042976,0.983362019,0.984668016,0.967257023,0.416785002,0.980443001,0.983907998,,,,,
721,0.985521972,0.983484983,0.986532986,0.966795027,0.401964992,0.979574978,0.984519005,,,,,
722,0.984201014,0.982140005,0.986654997,0.96508199,0.392158002,0.980493009,0.984542012,,,,,
723,0.982962012,0.980970979,0.987720013,0.963892996,0.387288988,0.980892003,0.983668983,,,,,
724,0.982249022,0.983636022,0.987899005,0.961224973,0.387093991,0.981932998,0.983703017,,,,,
725,0.981378973,0.984929979,0.988249004,0.959098995,0.393550009,0.981993973,0.983340025,,,,,
726,0.981440008,0.982870996,0.987200975,0.956113994,0.40406701,0.98258698,0.983437002,,,,,
727,0.982083023,0.983323991,0.986805022,0.952754021,0.418817014,0.983794987,0.983599007,,,,,
728,0.982442021,0.984010994,0.985670984,0.949315012,0.439233005,0.982913017,0.984227002,,,,,
729,0.982998013,0.982988,0.984319985,0.947507024,0.466331005,0.983151019,0.984300971,,,,,
730,0.983271003,0.983138025,0.983735979,0.944702983,0.511855006,0.983554006,0.983564973,,,,,
731,0.984386981,0.983250976,0.983143985,0.941914976,0.572655022,0.983218014,0.984178007,,,,,
732,0.984269023,0.982845008,0.98032099,0.940035999,0.648371994,0.981257021,0.982662022,,,,,
733,0.984264016,0.983633995,0.980970025,0.937968016,0.693356991,0.98151201,0.983240008,,,,,
734,0.984917998,0.983920991,0.98202002,0.936595023,0.666745007,0.977590024,0.982385993,,,,,
735,0.985768974,0.981849015,0.981450975,0.933588982,0.58899498,0.976173997,0.983923972,,,,,
736,0.985924006,0.982464015,0.982132018,0.928885996,0.492228001,0.974918008,0.983525991,,,,,
737,0.985674977,0.98310101,0.981261015,0.924224019,0.397193015,0.973001003,0.983752012,,,,,
738,0.985403001,0.983033001,0.981501997,0.918331027,0.340368986,0.971279025,0.982936025,,,,,
739,0.984197974,0.983346999,0.981869996,0.910624981,0.299035013,0.971774995,0.982069016,,,,,
740,0.982801974,0.985728979,0.982819021,0.900492013,0.263891011,0.969951987,0.980184019,,,,,
741,0.982189,0.985827982,0.98488301,0.888255,0.229231998,0.968779027,0.979008019,,,,,
742,0.980561972,0.986599982,0.984005988,0.875512004,0.204392001,0.967579007,0.977769017,,,,,
743,0.979726017,0.986268997,0.985121012,0.861724973,0.183302999,0.966962993,0.977326989,,,,,
744,0.979009986,0.987488985,0.985725999,0.845694005,0.164789006,0.968005002,0.977400005,,,,,
745,0.978361011,0.988361001,0.985554993,0.831461012,0.148922995,0.969753027,0.978610992,,,,,
746,0.977931976,0.989592016,0.985540986,0.812363982,0.137235999,0.970546007,0.978321016,,,,,
747,0.977697015,0.990432978,0.984972,0.797509015,0.129074007,0.971269011,0.977860987,,,,,
748,0.976823986,0.987079024,0.984242976,0.784135997,0.123251997,0.972729027,0.978224993,,,,,
749,0.976269007,0.985984981,0.983527005,0.767780006,0.119009003,0.972970009,0.97805202,,,,,
750,0.976601005,0.983794987,0.983740985,0.753826022,0.117255002,0.972090006,0.978582025,,,,,
751,0.97763598,0.983928978,0.984227002,,,0.972922981,0.979273975,,,,,
752,0.977898002,0.984425008,0.983322024,,,0.972015977,0.979997993,,,,,
753,0.978850007,0.983821988,0.98328203,,,0.971430004,0.981069028,,,,,
754,0.979770005,0.981348991,0.981880009,,,0.970865011,0.979988992,,,,,
755,0.980301023,0.980589986,0.982499003,,,0.970521986,0.980960011,,,,,
756,0.980993986,0.98229301,0.983705997,,,0.968990982,0.981384993,,,,,
757,0.982035995,0.982887983,0.983215988,,,0.967705011,0.980965018,,,,,
758,0.982805014,0.981687009,0.984040976,,,0.964923978,0.981275976,,,,,
759,0.98357302,0.983434021,0.984147012,,,0.962216973,0.983328998,,,,,
760,0.983105004,0.98515898,0.983749986,,,0.959226012,0.980727971,,,,,
761,0.981329024,0.986347973,0.984838009,,,0.958553016,0.979404986,,,,,
762,0.979806006,0.985427976,0.984808981,,,0.955470026,0.978917003,,,,,
763,0.977931023,0.98584199,0.985385001,,,0.955619991,0.979113996,,,,,
764,0.975986004,0.986308992,0.985132992,,,0.95273,0.978972971,,,,,
765,0.973500013,0.986419976,0.984450996,,,0.953336,0.977752984,,,,,
766,0.97143501,0.986769021,0.984708011,,,0.95363301,0.978079021,,,,,
767,0.969416022,0.98656702,0.984495997,,,0.950681984,0.980548978,,,,,
768,0.967342019,0.985930026,0.983578026,,,0.950972974,0.977572978,,,,,
769,0.965646982,0.986015975,0.983416021,,,0.951436996,0.977895975,,,,,
770,0.964977026,0.987460017,0.983605981,,,0.949639976,0.97724402,,,,,
771,0.963883996,0.98654002,0.984323978,,,0.947649002,0.979129016,,,,,
772,0.963488996,0.986288011,0.985301971,,,0.944764018,0.980337977,,,,,
773,0.963859022,0.985314012,0.986413002,,,0.940261006,0.980440974,,,,,
774,0.964707971,0.985297978,0.986654997,,,0.933418989,0.981588006,,,,,
775,0.96606499,0.985171974,0.986827016,,,0.923712015,0.981930971,,,,,
776,0.967041016,0.986056983,0.986486018,,,0.913528979,0.982152998,,,,,
777,0.968361974,0.986037016,0.986069977,,,0.902898014,0.982568026,,,,,
778,0.970093012,0.985714018,0.98585701,,,0.888499022,0.98360002,,,,,
779,0.971364021,0.986645997,0.985915005,,,0.873923004,0.983934999,,,,,
780,0.972670019,0.985782027,0.985211015,,,0.859045029,0.983434021,,,,,
781,0.973351002,0.987531006,0.984942019,,,0.84385097,0.982905984,,,,,
782,0.973639011,0.986837029,0.986266017,,,0.828202009,0.980723977,,,,,
783,0.973178029,0.985396981,0.985651016,,,0.813490987,0.980162024,,,,,
784,0.972172022,0.987793982,0.986474991,,,0.800354004,0.979094028,,,,,
785,0.970833004,0.988041997,0.985934019,,,0.789528012,0.978514016,,,,,
786,0.969142973,0.986171007,0.987371027,,,0.775438011,0.978689015,,,,,
787,0.966804028,0.985783994,0.988348007,,,0.763276994,0.976517022,,,,,
788,0.963890016,0.986549973,0.987994015,,,0.752204001,0.974882007,,,,,
789,0.961017013,0.987239003,0.987774014,,,0.738985002,0.972568989,,,,,
790,0.958002985,0.984972,0.987603009,,,0.728985012,0.972286999,,,,,
791,0.95508498,0.985126972,0.987704992,,,0.721635997,0.972903013,,,,,
792,0.95175302,0.985569,0.98863101,,,0.714028001,0.973438025,,,,,
793,0.949284971,0.987320006,0.98891598,,,0.706070006,0.971383989,,,,,
794,0.946690023,0.987240016,0.988071024,,,0.699375987,0.97329998,,,,,
795,0.945824981,0.987119973,0.986559987,,,0.694813013,0.975033998,,,,,
796,0.946478009,0.98804599,0.986835003,,,0.690541983,0.975498021,,,,,
797,0.947036028,0.988268971,0.986860991,,,0.691181004,0.976657987,,,,,
798,0.945043027,0.986232996,0.987087011,,,0.690508008,0.975122988,,,,,
799,0.943861008,0.98663801,0.987114012,,,0.691110015,0.976355016,,,,,
800,0.943089008,0.986602008,0.986801028,,,0.693202972,0.976089001,,,,,
801,0.941941023,0.986232996,0.98617202,,,0.696622014,0.977245986,,,,,
802,0.940961003,0.985634983,0.987272024,,,0.700712025,0.978372991,,,,,
803,0.93908298,0.98575598,0.987327993,,,0.70817101,0.977882028,,,,,
804,0.935689986,0.984682977,0.987569988,,,0.715276003,0.977576971,,,,,
805,0.931214988,0.984544992,0.98804301,,,0.721508026,0.975901008,,,,,
806,0.924677014,0.983799994,0.988345981,,,0.725207984,0.973384023,,,,,
807,0.915913999,0.983743012,0.98724103,,,0.725419998,0.972689986,,,,,
808,0.905709028,0.983999014,0.987655997,,,0.718217015,0.970454991,,,,,
809,0.894524992,0.984902024,0.987456024,,,0.70224297,0.969983995,,,,,
810,0.881976008,0.985258996,0.987718999,,,0.67979902,0.969016016,,,,,
811,0.867872,0.985867023,0.989085019,,,0.649096012,0.966407001,,,,,
812,0.853643,0.986082017,0.988678992,,,0.612993002,0.96390897,,,,,
813,0.839003026,0.986128986,0.986737013,,,0.574397027,0.962632,,,,,
814,0.824584007,0.986523986,0.985719979,,,0.538999021,0.961722016,,,,,
815,0.810396016,0.986467004,0.985818982,,,0.507963002,0.960533977,,,,,
816,0.797330976,0.987280011,0.984593987,,,0.480933011,0.958518028,,,,,
817,0.784433007,0.987154007,0.983955979,,,0.458894998,0.958940029,,,,,
818,0.772410989,0.987469971,0.983615994,,,0.441002995,0.958734989,,,,,
819,0.761096001,0.986922026,0.982841015,,,0.429168999,0.95875901,,,,,
820,0.750182986,0.987644017,0.981917977,,,0.421465009,0.958886981,,,,,
821,0.740032017,0.987603009,0.981604993,,,0.418632001,0.961573005,,,,,
822,0.730634987,0.987477005,0.980533004,,,0.419710994,0.963814974,,,,,
823,0.721867025,0.987349987,0.980117023,,,0.424629986,0.964779019,,,,,
824,0.714061022,0.987245977,0.97933197,,,0.432918012,0.965206027,,,,,
825,0.706323028,0.987390995,0.978267014,,,0.44530201,0.964877009,,,,,
826,0.700241029,0.986212015,0.97882998,,,0.462226003,0.965767026,,,,,
827,0.695361972,0.98596698,0.978056014,,,0.482299,0.96569401,,,,,
828,0.691106975,0.98596698,0.981420994,,,0.510456026,0.964222014,,,,,
829,0.688529015,0.986271977,0.981348991,,,0.545684993,0.963207006,,,,,
830,0.686995029,0.985112011,0.979029,,,0.593415022,0.961425006,,,,,
831,0.687435985,0.983964026,0.980139971,,,0.658006012,0.959587991,,,,,
832,0.689372003,0.982765019,0.980623007,,,0.721816003,0.957651019,,,,,
833,0.692483008,0.982034981,0.981769979,,,0.75466001,0.955893993,,,,,
834,0.69698298,0.981621981,0.982551992,,,0.723785996,0.954976022,,,,,
835,0.702546,0.982357025,0.98367101,,,0.628913999,0.952519,,,,,
836,0.709577978,0.983130991,0.985468984,,,0.511547029,0.948922992,,,,,
837,0.715943992,0.982665002,0.987362027,,,0.423045993,0.94737798,,,,,
838,0.720808029,0.981566012,0.988406003,,,0.361961007,0.945201993,,,,,
839,0.721992016,0.98120302,0.988084972,,,0.317324013,0.942381024,,,,,
840,0.718200982,0.980571985,0.988812983,,,0.282660007,0.939554989,,,,,
841,0.707759023,0.98120898,0.987223983,,,0.252184987,0.940048993,,,,,
842,0.690690994,0.981773973,0.987702012,,,0.227951005,0.936672986,,,,,
843,0.665612996,0.982659996,0.986768007,,,0.207782,0.935609996,,,,,
844,0.636914015,0.982802987,0.985275984,,,0.190485001,0.93542999,,,,,
845,0.604921997,0.984833002,0.985248983,,,0.174612999,0.936164975,,,,,
846,0.572318017,0.985337019,0.985732973,,,0.162319005,0.935926974,,,,,
847,0.538043976,0.984901011,0.98466903,,,0.152371004,0.934886992,,,,,
848,0.508777022,0.984107018,0.98357898,,,0.144121006,0.936468005,,,,,
849,0.483743012,0.985022008,0.982698023,,,0.137807995,0.933269978,,,,,
850,0.461221009,0.984983027,0.981197,,,0.132890001,0.932232976,,,,,
851,0.444041014,0.985494971,0.980696976,,,0.129717007,0.928022027,,,,,
852,0.431023985,0.986208022,0.980340004,,,0.128349006,0.922900975,,,,,
853,0.421797007,0.986387014,0.978272021,,,0.128556997,0.917263985,,,,,
854,0.416570991,0.985692978,0.977792978,,,0.130527005,0.910740972,,,,,
855,0.41544801,0.985211015,0.980434,,,0.135257006,0.900241017,,,,,
856,0.417957991,0.98406601,0.97833699,,,0.141990006,0.891547024,,,,,
857,0.424194008,0.983817995,0.977883995,,,0.152478993,0.882282019,,,,,
858,0.433642,0.983081996,0.978228986,,,0.168188006,0.870553017,,,,,
859,0.446406007,0.983407021,0.978708982,,,0.189416006,0.85996902,,,,,
860,0.464349985,0.981927991,0.978610992,,,0.219175994,0.844371974,,,,,
861,0.484840989,0.980232,0.978377998,,,0.263325006,0.829331994,,,,,
862,0.510586023,0.979412019,0.978699028,,,0.317528009,0.814504027,,,,,
863,0.544838011,0.978204012,0.979942977,,,0.378392011,0.799960017,,,,,
864,0.589676023,0.977936029,0.980876029,,,0.427787989,0.789377987,,,,,
865,0.648895979,0.97735399,0.981738985,,,0.429374993,0.777576983,,,,,
866,0.716754019,0.976889014,0.980926991,,,0.377992004,0.764208972,,,,,
867,0.751838982,0.975261986,0.980871022,,,0.295175999,0.75365299,,,,,
868,0.723937988,0.975130022,0.981254995,,,0.211391002,0.744117022,,,,,
869,0.630005002,0.975627005,0.982595026,,,0.142820001,0.732325017,,,,,
870,0.524223983,0.975463986,0.98198998,,,0.098484099,0.723380983,,,,,
871,0.431760997,0.975543022,0.981195986,,,0.067834698,0.711696982,,,,,
872,0.369127005,0.975386024,0.980153024,,,0.0487413,0.705725014,,,,,
873,0.320728987,0.97517699,0.980091989,,,0.0342068,0.699711978,,,,,
874,0.28539899,0.975477993,0.980928004,,,0.025718899,0.692638993,,,,,
875,0.254859,0.974928021,0.981473982,,,0.019718399,0.686742008,,,,,
876,0.230792999,0.973861992,0.981778979,,,0.0151598,0.68257302,,,,,
877,0.209056005,0.97437501,0.980455995,,,0.0119897,0.675406992,,,,,
878,0.191635996,0.973653972,0.981397986,,,0.00962567,0.673887014,,,,,
879,0.176899001,0.975246012,0.981881022,,,0.00773553,0.674223006,,,,,
880,0.164019004,0.976906002,0.982613981,,,0.00638706,0.673053026,,,,,
881,0.153938994,0.976382971,0.983263016,,,0.00526429,0.676099002,,,,,
882,0.145192996,0.977711022,0.983994007,,,0.00450275,0.676967025,,,,,
883,0.138530999,0.977614999,0.984504998,,,0.00377859,0.682699025,,,,,
884,0.133660004,0.977667987,0.984193981,,,0.00316573,0.684575021,,,,,
885,0.130299002,0.976984024,0.984212995,,,0.00274756,0.690183997,,,,,
886,0.128075004,0.977136016,0.984239995,,,0.00225955,0.697377026,,,,,
887,0.127354994,0.976644993,0.984297991,,,0.00197349,0.701879978,,,,,
888,0.128864005,0.975264013,0.984318018,,,0.00175979,0.705308974,,,,,
889,0.132070005,0.976118982,0.982026994,,,0.00150508,0.705609977,,,,,
890,0.137058005,0.976836979,0.980050027,,,0.00131763,0.702174008,,,,,
891,0.145191997,0.977454007,0.978866994,,,0.00116053,0.68978101,,,,,
892,0.155862004,0.976696014,0.977427006,,,0.00106219,0.675000012,,,,,
893,0.171459004,0.975726008,0.975665987,,,0.000958929,0.651229024,,,,,
894,0.191875994,0.975390017,0.974178016,,,0.000771783,0.626169026,,,,,
895,0.221431002,0.975481987,0.972481012,,,0.000783213,0.596952021,,,,,
896,0.259048998,0.975899994,0.970346987,,,0.000703985,0.566848993,,,,,
897,0.310732991,0.976779997,0.968904972,,,0.000608621,0.533842981,,,,,
898,0.370135009,0.977030993,0.967791975,,,0.000484091,0.503309011,,,,,
899,0.420987993,0.977801979,0.965548992,,,0.000451391,0.479326993,,,,,
900,0.443755001,0.977084994,0.964461982,,,0.000441627,0.457479,,,,,
901,0.413637996,0.97645998,0.963267028,,,0.000401992,0.438050985,,,,,
902,0.342413992,0.976981997,0.963571012,,,0.000371127,0.42512399,,,,,
903,0.252204001,0.975956023,0.962508976,,,0.000281021,0.414168,,,,,
904,0.175595,0.971687019,0.961773992,,,0.000300302,0.40564701,,,,,
905,0.122629002,0.971877992,0.961327016,,,0.000303693,0.403304994,,,,,
906,0.084896401,0.970333993,0.962688029,,,0.000347926,0.403259993,,,,,
907,0.060254,0.967866004,0.96361798,,,0.000259193,0.406753004,,,,,
908,0.0447472,0.965739012,0.96478802,,,0.000296622,0.413554996,,,,,
909,0.033182599,0.962876976,0.967149973,,,0.000175311,0.424052,,,,,
910,0.023514001,0.961453021,0.967637002,,,0.000163398,0.437539011,,,,,
911,0.018263301,0.95747298,0.969439983,,,0.000157196,0.45134899,,,,,
912,0.014291,0.954712987,0.97013998,,,0.000194085,0.471226007,,,,,
913,0.0112892,0.952324986,0.972557008,,,0.00010215,0.495784998,,,,,
914,0.00930946,0.950430989,0.972321987,,,0.000133476,0.525505006,,,,,
915,0.00755916,0.948484004,0.973402977,,,0.000138142,0.562434018,,,,,
916,0.00621158,0.948153019,0.975354016,,,0.000110632,0.615090013,,,,,
917,0.00514392,0.948332012,0.973824978,,,4.25E-05,0.676919997,,,,,
918,0.00442635,0.948951006,0.973461986,,,0.000104788,0.723052025,,,,,
919,0.00375504,0.950052977,0.97033,,,0.000124563,0.724529028,,,,,
920,0.00314393,0.951641977,0.968855977,,,7.79E-05,0.660611987,,,,,
921,0.00262366,0.953283012,0.966811001,,,9.73E-05,0.557384014,,,,,
922,0.00231001,0.955905974,0.965337992,,,5.19E-05,0.456295013,,,,,
923,0.00208455,0.958994985,0.961863995,,,0.000106582,0.382019997,,,,,
924,0.00188126,0.96055001,0.959888995,,,6.03E-05,0.332747012,,,,,
925,0.00163066,0.961045027,0.958269,,,1.07E-05,0.294999003,,,,,
926,0.00148299,0.959767997,0.95638603,,,5.04E-05,0.264064014,,,,,
927,0.00122544,0.956740975,0.95421797,,,5.51E-05,0.238288,,,,,
928,0.00106785,0.951269984,0.953112006,,,4.91E-05,0.216284007,,,,,
929,0.00106105,0.942017972,0.951400995,,,6.53E-07,0.197924003,,,,,
930,0.000943186,0.929472983,0.950882971,,,3.50E-05,0.182142004,,,,,
931,0.000818324,0.912810028,0.95025599,,,4.44E-05,0.169474006,,,,,
932,0.000784097,0.893177986,0.949701011,,,2.99E-05,0.157905996,,,,,
933,0.000701337,0.868960977,0.950213015,,,3.54E-05,0.148531005,,,,,
934,0.000716918,0.842055976,0.951193988,,,6.44E-05,0.140841007,,,,,
935,0.00056388,0.813552976,0.952287018,,,6.28E-05,0.134736001,,,,,
936,0.000590249,0.786854982,0.953278005,,,5.31E-06,0.129802004,,,,,
937,0.00050793,0.757429004,0.954742014,,,2.06E-05,0.126034006,,,,,
938,0.000486565,0.731410027,0.954946995,,,5.36E-05,0.123999,,,,,
939,0.000484439,0.708334982,0.956643999,,,3.45E-05,0.123249002,,,,,
940,0.00044123,0.685645998,0.959410012,,,3.86E-05,0.123639002,,,,,
941,0.000339777,0.665727019,0.959636986,,,1.98E-05,0.125495002,,,,,
942,0.000319758,0.649411976,0.959743023,,,2.93E-05,0.128802001,,,,,
943,0.000347358,0.636267006,0.959792018,,,3.04E-05,0.133901998,,,,,
944,0.000246905,0.626699984,0.960152984,,,6.33E-05,0.141868994,,,,,
945,0.000265071,0.620181978,0.959412992,,,6.25E-05,0.152948007,,,,,
946,0.000206785,0.615234971,0.957114995,,,4.30E-05,0.167905003,,,,,
947,0.000317051,0.615330994,0.954230011,,,2.33E-05,0.187729999,,,,,
948,0.000356317,0.618153989,0.951470017,,,1.81E-07,0.215183005,,,,,
949,0.000343335,0.62292701,0.948472977,,,6.12E-06,0.251352996,,,,,
950,0.000222856,0.630481005,0.94483,,,3.83E-05,0.298070014,,,,,
951,0.000213647,0.640493989,0.94046402,,,3.22E-05,0.352577001,,,,,
952,0.000262517,0.651812971,0.934792995,,,1.19E-06,0.404087007,,,,,
953,0.000250529,0.666881979,0.931264997,,,2.89E-05,0.42960301,,,,,
954,0.000162046,0.685918987,0.927443027,,,3.19E-05,0.408823013,,,,,
955,0.0002208,0.708845019,0.92296797,,,4.22E-07,0.345887005,,,,,
956,0.000209134,0.734633982,0.91909802,,,1.12E-05,0.26474601,,,,,
957,0.000130941,0.759438992,0.916361988,,,4.78E-05,0.188923001,,,,,
958,0.000178208,0.775008976,0.914539993,,,5.54E-05,0.130043998,,,,,
959,9.14E-05,0.767683029,0.912748992,,,2.70E-05,0.091771603,,,,,
960,0.000188331,0.729034007,0.91148299,,,1.00E-08,0.0658345,,,,,
961,0.000148705,0.665992022,0.91111201,,,9.47E-07,0.048574001,,,,,
962,0.000139596,0.588791013,0.911677003,,,1.93E-05,0.036694501,,,,,
963,0.000188431,0.512304008,0.912953973,,,2.67E-05,0.027564799,,,,,
964,0.000206493,0.443578988,0.916091979,,,2.50E-06,0.0214395,,,,,
965,0.000128097,0.38745901,0.915912986,,,4.60E-05,0.016976099,,,,,
966,0.000106943,0.344606996,0.918871999,,,3.09E-05,0.0134438,,,,,
967,2.10E-06,0.308569014,0.921096981,,,1.05E-06,0.0109112,,,,,
968,0.000147541,0.282413989,0.922783971,,,1.87E-05,0.0089531,,,,,
969,0.000146728,0.262019992,0.923910975,,,1.84E-05,0.00739824,,,,,
970,9.96E-05,0.245853007,0.923120022,,,1.40E-05,0.00613078,,,,,
971,0.000204344,0.233955994,0.920246005,,,1.34E-05,0.00518455,,,,,
972,8.73E-05,0.225682005,0.915082991,,,4.94E-06,0.00445832,,,,,
973,1.15E-05,0.220657006,0.908492982,,,9.01E-06,0.00377226,,,,,
974,0.000147044,0.218886003,0.90132302,,,4.36E-06,0.00324343,,,,,
975,0.000136698,0.222874001,0.892632008,,,1.79E-06,0.00283783,,,,,
976,8.90E-05,0.233671993,0.881686985,,,2.67E-05,0.00252089,,,,,
977,0.00014689,0.259339005,0.867805004,,,9.31E-06,0.00219875,,,,,
978,0.000117684,0.306704015,0.852438986,,,1.06E-05,0.00189243,,,,,
979,0.000108165,0.374487996,0.837684989,,,2.76E-05,0.00170434,,,,,
980,0.000127712,0.427890986,0.821725011,,,2.43E-05,0.00149534,,,,,
981,0.000117383,0.437276006,0.80746901,,,3.70E-05,0.0013481,,,,,
982,5.90E-05,0.400967985,0.794095993,,,3.04E-05,0.00119977,,,,,
983,4.95E-05,0.356783003,0.779834986,,,1.00E-08,0.00108328,,,,,
984,6.91E-05,0.337711006,0.766533971,,,3.43E-07,0.000989593,,,,,
985,6.94E-05,0.348475009,0.755191028,,,5.73E-06,0.000920565,,,,,
986,8.92E-05,0.372837007,0.743556976,,,1.81E-05,0.000788102,,,,,
987,9.84E-05,0.402698994,0.733292997,,,9.06E-06,0.00074878,,,,,
988,1.03E-06,0.428772002,0.722918987,,,6.18E-06,0.000617531,,,,,
989,0.000128721,0.442431003,0.714837015,,,2.40E-05,0.000552708,,,,,
990,4.01E-05,0.439330995,0.706597984,,,3.00E-05,0.000565774,,,,,
991,7.01E-05,4.19E-01,0.698747993,,,4.37E-05,0.000449205,,,,,
992,8.96E-05,0.380769998,0.692956984,,,3.85E-07,0.000532178,,,,,
993,2.00E-05,0.335045993,0.68542701,,,5.16E-06,0.00042658,,,,,
994,9.99E-06,0.284556001,0.680270016,,,9.56E-06,0.000463495,,,,,
995,2.39E-07,0.239131004,0.674920022,,,9.58E-06,0.000452509,,,,,
996,4.10E-05,1.99E-01,0.668316007,,,1.25E-05,0.000371134,,,,,
997,0.000161536,0.166238993,0.665197015,,,4.17E-05,0.000330502,,,,,
998,9.12E-05,1.39E-01,0.660270989,,,2.20E-05,0.000315958,,,,,
999,7.10E-05,1.19E-01,0.656262994,,,2.55E-06,0.000280827,,,,,
1000,2.06E-05,1.02E-01,0.652185023,,,3.25E-05,0.00029736,,,,,
1001,,,,,,6.54E-05,,,,,,
1002,,,,,,3.63E-05,,,,,,
1003,,,,,,1.47E-05,,,,,,
1004,,,,,,6.19E-05,,,,,,
1005,,,,,,4.10E-05,,,,,,
1006,,,,,,1.20E-05,,,,,,
1007,,,,,,3.45E-05,,,,,,
1008,,,,,,2.48E-05,,,,,,
1009,,,,,,3.47E-05,,,,,,
1010,,,,,,8.97E-05,,,,,,
1011,,,,,,5.51E-05,,,,,,
1012,,,,,,9.03E-05,,,,,,
1013,,,,,,1.01E-05,,,,,,
1014,,,,,,1.53E-05,,,,,,
1015,,,,,,7.10E-05,,,,,,
1016,,,,,,5.33E-06,,,,,,
1017,,,,,,5.13E-05,,,,,,
1018,,,,,,3.62E-05,,,,,,
1019,,,,,,4.16E-05,,,,,,
1020,,,,,,4.26E-05,,,,,,
1021,,,,,,0.000126002,,,,,,
1022,,,,,,6.41E-05,,,,,,
1023,,,,,,9.04E-05,,,,,,
1024,,,,,,4.37E-05,,,,,,
1025,,,,,,8.67E-05,,,,,,
1026,,,,,,6.01E-05,,,,,,
1027,,,,,,4.53E-05,,,,,,
1028,,,,,,0.00011093,,,,,,
1029,,,,,,6.27E-05,,,,,,
1030,,,,,,0.000102329,,,,,,
1031,,,,,,9.83E-05,,,,,,
1032,,,,,,0.00012692,,,,,,
1033,,,,,,9.50E-05,,,,,,
1034,,,,,,0.000147979,,,,,,
1035,,,,,,0.000133571,,,,,,
1036,,,,,,0.000191718,,,,,,
1037,,,,,,0.000103367,,,,,,
1038,,,,,,0.000301796,,,,,,
1039,,,,,,0.000208719,,,,,,
1040,,,,,,0.000252593,,,,,,
1041,,,,,,0.000197373,,,,,,
1042,,,,,,0.000339137,,,,,,
1043,,,,,,0.000330926,,,,,,
1044,,,,,,0.000342463,,,,,,
1045,,,,,,0.000374797,,,,,,
1046,,,,,,0.000419137,,,,,,
1047,,,,,,0.000410793,,,,,,
1048,,,,,,0.000392341,,,,,,
1049,,,,,,0.00048336,,,,,,
1050,,,,,,0.000547889,,,,,,
1051,,,,,,0.000573308,,,,,,
1052,,,,,,0.000648735,,,,,,
1053,,,,,,0.000714354,,,,,,
1054,,,,,,0.000659822,,,,,,
1055,,,,,,0.000870454,,,,,,
1056,,,,,,0.000757586,,,,,,
1057,,,,,,0.000861766,,,,,,
1058,,,,,,0.00098899,,,,,,
1059,,,,,,0.00105949,,,,,,
1060,,,,,,0.0011786,,,,,,
1061,,,,,,0.00133963,,,,,,
1062,,,,,,0.00151088,,,,,,
1063,,,,,,0.00163867,,,,,,
1064,,,,,,0.00171524,,,,,,
1065,,,,,,0.00195484,,,,,,
1066,,,,,,0.00215737,,,,,,
1067,,,,,,0.00236668,,,,,,
1068,,,,,,0.00273833,,,,,,
1069,,,,,,0.00279373,,,,,,
1070,,,,,,0.00302098,,,,,,
1071,,,,,,0.0034536,,,,,,
1072,,,,,,0.00378736,,,,,,
1073,,,,,,0.00429373,,,,,,
1074,,,,,,0.00469378,,,,,,
1075,,,,,,0.00516187,,,,,,
1076,,,,,,0.00599741,,,,,,
1077,,,,,,0.00661347,,,,,,
1078,,,,,,0.00731399,,,,,,
1079,,,,,,0.00837856,,,,,,
1080,,,,,,0.00937904,,,,,,
1081,,,,,,0.0104696,,,,,,
1082,,,,,,0.0118422,,,,,,
1083,,,,,,0.0134317,,,,,,
1084,,,,,,0.0153628,,,,,,
1085,,,,,,0.017589601,,,,,,
1086,,,,,,0.0202567,,,,,,
1087,,,,,,0.023427,,,,,,
1088,,,,,,0.0270923,,,,,,
1089,,,,,,0.031646099,,,,,,
1090,,,,,,0.036901701,,,,,,
1091,,,,,,0.043329202,,,,,,
1092,,,,,,0.051156498,,,,,,
1093,,,,,,0.059993699,,,,,,
1094,,,,,,0.071291603,,,,,,
1095,,,,,,0.084050298,,,,,,
1096,,,,,,0.099916004,,,,,,
1097,,,,,,0.118905,,,,,,
1098,,,,,,0.142646,,,,,,
1099,,,,,,0.167097002,,,,,,
1100,,,,,,0.196939006,,,,,,
1101,,,,,,0.228735,,,,,,
1102,,,,,,0.262973011,,,,,,
1103,,,,,,0.297935009,,,,,,
1104,,,,,,0.332679003,,,,,,
1105,,,,,,0.364757001,,,,,,
1106,,,,,,0.391108006,,,,,,
1107,,,,,,0.411054999,,,,,,
1108,,,,,,0.424863994,,,,,,
1109,,,,,,0.431578994,,,,,,
1110,,,,,,0.432751,,,,,,
1111,,,,,,0.427852988,,,,,,
1112,,,,,,0.421113014,,,,,,
1113,,,,,,0.411446989,,,,,,
1114,,,,,,0.400301009,,,,,,
1115,,,,,,0.391261995,,,,,,
1116,,,,,,0.379375011,,,,,,
1117,,,,,,0.369320005,,,,,,
1118,,,,,,0.359427989,,,,,,
1119,,,,,,0.351327986,,,,,,
1120,,,,,,0.343897998,,,,,,
1121,,,,,,0.337900996,,,,,,
1122,,,,,,0.332262993,,,,,,
1123,,,,,,0.327488005,,,,,,
1124,,,,,,0.324979007,,,,,,
1125,,,,,,0.322838008,,,,,,
1126,,,,,,0.321716011,,,,,,
1127,,,,,,0.321260005,,,,,,
1128,,,,,,0.321291,,,,,,
1129,,,,,,0.322596014,,,,,,
1130,,,,,,0.324245006,,,,,,
1131,,,,,,0.327450991,,,,,,
1132,,,,,,0.331028014,,,,,,
1133,,,,,,0.334529996,,,,,,
1134,,,,,,0.339991003,,,,,,
1135,,,,,,0.345104009,,,,,,
1136,,,,,,0.350407004,,,,,,
1137,,,,,,0.356727004,,,,,,
1138,,,,,,0.362435013,,,,,,
1139,,,,,,0.368687004,,,,,,
1140,,,,,,0.375964999,,,,,,
1141,,,,,,0.378524005,,,,,,
1142,,,,,,0.386328012,,,,,,
1143,,,,,,0.397374004,,,,,,
1144,,,,,,0.404610008,,,,,,
1145,,,,,,0.411808014,,,,,,
1146,,,,,,0.417690992,,,,,,
1147,,,,,,0.425392002,,,,,,
1148,,,,,,0.431950003,,,,,,
1149,,,,,,0.439067006,,,,,,
1150,,,,,,0.44630599,,,,,,
1151,,,,,,0.451512992,,,,,,
1152,,,,,,0.46014601,,,,,,
1153,,,,,,0.463871002,,,,,,
1154,,,,,,0.472772002,,,,,,
1155,,,,,,0.483994991,,,,,,
1156,,,,,,0.498589993,,,,,,
1157,,,,,,0.51672399,,,,,,
1158,,,,,,0.539511025,,,,,,
1159,,,,,,0.569682002,,,,,,
1160,,,,,,0.603227973,,,,,,
1161,,,,,,0.641080976,,,,,,
1162,,,,,,0.677064002,,,,,,
1163,,,,,,0.707063019,,,,,,
1164,,,,,,0.729833007,,,,,,
1165,,,,,,0.737076998,,,,,,
1166,,,,,,0.736032009,,,,,,
1167,,,,,,0.726940989,,,,,,
1168,,,,,,0.718131006,,,,,,
1169,,,,,,0.697187006,,,,,,
1170,,,,,,0.674986005,,,,,,
1171,,,,,,0.660238028,,,,,,
1172,,,,,,0.638662994,,,,,,
1173,,,,,,0.624952018,,,,,,
1174,,,,,,0.60808599,,,,,,
1175,,,,,,0.600071013,,,,,,
1176,,,,,,0.592002988,,,,,,
1177,,,,,,0.576884985,,,,,,
1178,,,,,,0.576057017,,,,,,
1179,,,,,,0.576897979,,,,,,
1180,,,,,,0.569904029,,,,,,
1181,,,,,,0.560856998,,,,,,
1182,,,,,,0.575402975,,,,,,
1183,,,,,,0.563000977,,,,,,
1184,,,,,,0.57425499,,,,,,
1185,,,,,,0.590673029,,,,,,
1186,,,,,,0.578007996,,,,,,
1187,,,,,,0.591229022,,,,,,
1188,,,,,,0.604771018,,,,,,
1189,,,,,,0.600987971,,,,,,
1190,,,,,,0.617771029,,,,,,
1191,,,,,,0.620796025,,,,,,
1192,,,,,,0.617098987,,,,,,
1193,,,,,,0.638746977,,,,,,
1194,,,,,,0.643388987,,,,,,
1195,,,,,,0.676533997,,,,,,
1196,,,,,,0.666899979,,,,,,
1197,,,,,,0.681648016,,,,,,
1198,,,,,,0.691980004,,,,,,
1199,,,,,,0.698104024,,,,,,
1200,,,,,,0.697358012,,,,,,
