wavelength,mTurquoise2,EGFP,EYFP,mOrange2,tdTomato,mCherry,mKate2,mNeptune
300,,,,,,,,
301,,,,,,,,
302,,,,,,,,
303,,,,,,,,
304,,,,,,,,
305,,,,,,,,
306,,,,,,,,
307,,,,,,,,
308,,,,,,,,
309,,,,,,,,
310,,,,,,,,
311,,,,,,,,
312,,,,,,,,
313,,,,,,,,
314,,,,,,,,
315,,,,,,,,
316,,,,,,,,
317,,,,,,,,
318,,,,,,,,
319,,,,,,,,
320,,,,,,,,
321,,,,,,,,
322,,,,,,,,
323,,,,,,,,
324,,,,,,,,
325,,,,,,,,
326,,,,,,,,
327,,,,,,,,
328,,,,,,,,
329,,,,,,,,
330,,,,,,,,
331,,,,,,,,
332,,,,,,,,
333,,,,,,,,
334,,,,,,,,
335,,,,,,,,
336,,,,,,,,
337,,,,,,,,
338,,,,,,,,
339,,,,,,,,
340,,,,,,,,
341,,,,,,,,
342,,,,,,,,
343,,,,,,,,
344,,,,,,,,
345,,,,,,,,
346,,,,,,,,
347,,,,,,,,
348,,,,,,,,
349,,,,,,,,
350,,,,,,,,
351,,,,,,,,
352,,,,,,,,
353,,,,,,,,
354,,,,,,,,
355,,,,,,,,
356,,,,,,,,
357,,,,,,,,
358,,,,,,,,
359,,,,,,,,
360,,,,,,,,
361,,,,,,,,
362,,,,,,,,
363,,,,,,,,
364,,,,,,,,
365,,,,,,,,
366,,,,,,,,
367,,,,,,,,
368,,,,,,,,
369,,,,,,,,
370,,,,,,,,
371,,,,,,,,
372,,,,,,,,
373,,,,,,,,
374,,,,,,,,
375,,,,,,,,
376,,,,,,,,
377,,,,,,,,
378,,,,,,,,
379,,,,,,,,
380,,,,,,,,
381,,,,,,,,
382,,,,,,,,
383,,,,,,,,
384,,,,,,,,
385,,,,,,,,
386,,,,,,,,
387,,,,,,,,
388,,,,,,,,
389,,,,,,,,
390,,,,,,,,
391,,,,,,,,0.0031
392,,,,,,,,0.0031
393,,,,,,,,0.003
394,,,,,,,,0.003
395,,,,,,,,0.003
396,,,,,,,,0.003
397,,,,,,,,0.003
398,,,,,,,,0.003
399,,,,,,,,0.003
400,,,,,,,,0.003
401,,,,,,,,0.003
402,,,,,,,,0.0031
403,,,,,,,,0.0032
404,,,,,,,,0.0033
405,,,,,,,,0.0035
406,,,,,,,,0.0038
407,,,,,,,,0.0042
408,,,,,,,,0.0047
409,,,,,,,,0.0053
410,,,,,,,,0.0062
411,,,,,,,,0.0073
412,,,,,,,,0.0086
413,,,,,,,,0.0102
414,,,,,,,,0.012
415,,,,,,,,0.014
416,,,,,,,,0.0161
417,,,,,,,,0.0183
418,,,,,,,,0.0204
419,,,,,,,,0.0225
420,,,,,,,,0.0245
421,,,,,,,,0.0266
422,,,,,,,,0.0289
423,,,,,,,,0.0314
424,,,,,,,,0.0343
425,,,,,,,,0.0378
426,,,,,,,,0.0418
427,,,,,,,,0.0465
428,,,,,,,,0.0518
429,,,,,,,,0.0575
430,,,,,,,,0.0638
431,,,,,,,,0.0703
432,,,,,,,,0.0771
433,,,,,,,,0.0843
434,,,0.0017,,,,,0.0917
435,,,0.0018,,,,,0.0996
436,,,0.0019,,,,,0.1079
437,,,0.0021,,,,,0.1167
438,,,0.0023,,,,,0.1259
439,,,0.0025,,,,,0.1356
440,,,0.0027,,,,,0.1455
441,0.012,,0.0031,,,,,0.1558
442,0.0133,,0.0035,,,,,0.1664
443,0.0149,,0.0039,,,,,0.1773
444,0.0164,,0.0047,,,,,0.1885
445,0.019,,0.0055,,,,,0.2002
446,0.0221,,0.0065,,,,,0.2125
447,0.0258,,0.0078,,,,,0.2255
448,0.0307,,0.0092,,,,,0.2394
449,0.0369,,0.0114,,,,,0.2543
450,0.0448,,0.0136,,,,,0.2701
451,0.0548,,0.0166,,,,,0.2866
452,0.068,,0.0202,,,,,0.3038
453,0.0835,,0.026,,,,,0.3216
454,0.101,,0.0316,,,,,0.34
455,0.125,,0.0403,,,,,0.3592
456,0.152,,0.0501,,,,,0.3793
457,0.186,,0.064,,,,,0.4006
458,0.224,,0.0788,,,,,0.423
459,0.267,,0.0998,,,,,0.4463
460,0.314,,0.1232,,,,,0.4703
461,0.37,,0.1529,,,,,0.4947
462,0.431,,0.1865,,,,,0.519
463,0.496,0.0027,0.2266,,,,,0.543
464,0.56,0.0031,0.2721,,,,,0.5665
465,0.629,0.0034,0.3223,,,,,0.5897
466,0.696,0.004,0.381,,,,,0.6126
467,0.76,0.0043,0.4432,,,,,0.6352
468,0.819,0.0051,0.5122,,,,,0.6575
469,0.869,0.0061,0.581,,,,,0.6797
470,0.914,0.0072,0.6472,,,,,0.7016
471,0.95,0.0086,0.7153,,,,,0.7232
472,0.974,0.0101,0.7808,,,,,0.7444
473,0.993,0.0122,0.838,,,,,0.7648
474,0.999,0.0151,0.8903,,,,,0.7843
475,1,0.0179,0.9312,,,,,0.8028
476,0.993,0.022,0.9661,,,,,0.8203
477,0.977,0.0266,0.9874,,,,,0.8367
478,0.957,0.0318,0.999,,,,,0.8523
479,0.938,0.0384,1,,,,,0.8671
480,0.915,0.0461,1,,,,,0.881
481,0.889,0.055,0.9832,,,,,0.894
482,0.864,0.0651,0.9622,,,,,0.9059
483,0.841,0.0783,0.9413,,,,,0.9167
484,0.817,0.092,0.9095,,,,,0.9265
485,0.796,0.109,0.8783,,,,,0.9357
486,0.776,0.1266,0.8467,,,,,0.9443
487,0.76,0.148,0.8126,,,,,0.9526
488,0.749,0.1716,0.7782,,,,,0.9607
489,0.741,0.1981,0.743,,,,,0.9686
490,0.738,0.2267,0.7101,,,,,0.976
491,0.737,0.2587,0.6811,,,,,0.9828
492,0.739,0.2945,0.6504,,,,,0.9886
493,0.745,0.3315,0.6205,,,,,0.9934
494,0.751,0.3714,0.5949,,,,,0.9968
495,0.758,0.4155,0.5676,,,,,0.999
496,0.768,0.4598,0.5466,,,,,1
497,0.775,0.5088,0.5219,,,,,1
498,0.78,0.5594,0.5027,,,,,0.9992
499,0.787,0.6104,0.484,,,,,0.9978
500,0.792,0.6649,0.4656,0.0013,,,,0.9959
501,0.792,0.7182,0.4522,0.0013,,,,0.9935
502,0.795,0.7666,0.4369,0.0013,,,,0.9906
503,0.792,0.8161,0.4238,0.0013,,,,0.9871
504,0.786,0.8622,0.4152,0.0014,,,,0.9828
505,0.779,0.9027,0.4009,0.0015,,,,0.9777
506,0.769,0.9355,0.3929,0.0013,,,,0.9718
507,0.752,0.9664,0.3857,0.0015,,,,0.9651
508,0.736,0.9877,0.3764,0.0014,,,,0.9578
509,0.72,0.9994,0.3718,0.0015,,,,0.95
510,0.699,0.9999,0.3632,0.0014,,,,0.9418
511,0.68,1,0.3553,0.0017,,,,0.9333
512,0.658,0.9889,0.3477,0.0018,,,,0.9249
513,0.637,0.9696,0.342,0.0022,,,,0.9165
514,0.615,0.9406,0.3348,0.0023,,,,0.9082
515,0.594,0.906,0.3271,0.0025,,,,0.9002
516,0.572,0.8711,0.3181,0.0026,,,,0.8923
517,0.553,0.8345,0.3109,0.0027,,,,0.8847
518,0.531,0.7934,0.3018,0.0027,,,,0.8772
519,0.511,0.7509,0.2938,0.003,,,,0.8698
520,0.494,0.7149,0.288,0.0033,,,,0.8623
521,0.476,0.6802,0.2774,0.0039,,,,0.8545
522,0.46,0.6504,0.2708,0.0043,,,,0.8463
523,0.443,0.6208,0.2602,0.005,,,,0.8376
524,0.43,0.5966,0.2504,0.0057,,,,0.8283
525,0.417,0.5698,0.2427,0.0065,,,,0.8181
526,0.403,0.547,0.2362,0.0075,,,,0.8073
527,0.391,0.5275,0.2231,0.0096,,,,0.7958
528,0.381,0.5084,0.2153,0.0111,,,,0.7839
529,0.371,0.49,0.2086,0.0134,,,,0.7716
530,0.363,0.4733,0.1995,0.0161,0.0025,,,0.7592
531,0.354,0.4636,0.1911,0.0196,0.003,,,0.7468
532,0.346,0.4504,0.1844,0.0223,0.0037,,,0.7346
533,0.338,0.4393,0.1756,0.027,0.0046,,,0.7225
534,0.332,0.4296,0.1673,0.0317,0.0053,,,0.7107
535,0.326,0.4221,0.1609,0.0386,0.0065,,,0.6991
536,0.318,0.4105,0.1543,0.0456,0.0078,,,0.6877
537,0.313,0.4014,0.1475,0.0551,0.0108,,,0.6765
538,0.306,0.3942,0.1418,0.0667,0.0161,,,0.6653
539,0.299,0.3867,0.1352,0.0809,0.0205,,,0.6542
540,0.294,0.381,0.1303,0.0955,0.0219,,,0.643
541,0.288,0.3693,0.1241,0.1167,0.0218,,,0.6318
542,0.28,0.3621,0.1192,0.1393,0.0236,,,0.6206
543,0.273,0.3583,0.114,0.1663,0.0267,,,0.6094
544,0.267,0.3476,0.1095,0.1972,0.0323,,,0.5983
545,0.26,0.3393,0.1062,0.2318,0.0383,,,0.5872
546,0.253,0.3295,0.1008,0.2729,0.0452,,,0.5761
547,0.246,0.3223,0.0972,0.3244,0.0536,,,0.5651
548,0.238,0.312,0.0935,0.3725,0.0638,,,0.5543
549,0.23,0.3015,0.0892,0.422,0.0761,,,0.5435
550,0.224,0.2908,0.0871,0.4801,0.0882,0.0012,,0.5328
551,0.216,0.2796,0.0836,0.532,0.1043,0.0014,,0.5223
552,0.208,0.2674,0.081,0.5807,0.1209,0.0015,,0.5119
553,0.201,0.2564,0.0794,0.6308,0.1414,0.0019,,0.5016
554,0.193,0.2451,0.0743,0.6831,0.1638,0.0023,,0.4915
555,0.187,0.2344,0.0719,0.7342,0.188,0.0026,,0.4815
556,0.18,0.2243,0.0715,0.7837,0.2171,0.0033,,0.4718
557,0.173,0.2156,0.0674,0.8327,0.2469,0.0039,,0.4622
558,0.166,0.2068,0.0652,0.8776,0.2809,0.0045,,0.4529
559,0.159,0.1957,0.0645,0.9177,0.3176,0.0052,,0.4438
560,0.153,0.1865,0.0622,0.9455,0.3562,0.0063,0.0055,0.4349
561,0.147,0.1806,0.0596,0.968,0.3975,0.0087,0.0057,0.4262
562,0.141,0.1706,0.0572,0.9809,0.4412,0.0157,0.0063,0.4179
563,0.135,0.1617,0.0562,0.9927,0.4854,0.0253,0.007,0.4098
564,0.131,0.1548,0.0538,1,0.5315,0.0291,0.0079,0.402
565,0.125,0.1485,0.053,0.9981,0.5778,0.0258,0.0092,0.3944
566,0.122,0.1406,0.0518,0.9943,0.6254,0.0201,0.0104,0.3872
567,0.117,0.1347,0.0506,0.9803,0.6691,0.0193,0.0119,0.3802
568,0.113,0.1283,0.0478,0.9635,0.7156,0.0225,0.0134,0.3734
569,0.11,0.1224,0.0464,0.9391,0.7557,0.0256,0.0157,0.3668
570,0.106,0.1173,0.045,0.9179,0.7965,0.0298,0.018,0.3603
571,0.103,0.1143,0.0437,0.892,0.8326,0.0345,0.0207,0.3539
572,0.0993,0.108,0.0426,0.8705,0.8681,0.0416,0.0239,0.3475
573,0.0967,0.1041,0.0409,0.8463,0.8959,0.0479,0.0268,0.3412
574,0.0934,0.0969,0.0399,0.8223,0.9247,0.0552,0.0308,0.3348
575,0.091,0.0959,0.0398,0.8015,0.9438,0.0654,0.0356,0.3283
576,0.0883,0.092,0.037,0.7788,0.9648,0.0752,0.0407,0.3217
577,0.0854,0.0883,0.0354,0.7601,0.9767,0.0894,0.0459,0.315
578,0.0832,0.0843,0.0355,0.7346,0.9864,0.1022,0.051,0.3082
579,0.0809,0.0813,0.0339,0.7134,0.9959,0.1189,0.0582,0.3013
580,0.0791,0.0787,0.0324,0.6885,0.9957,0.1376,0.0652,0.2945
581,0.0768,0.0759,0.0318,0.6659,1,0.1595,0.0735,0.2877
582,0.0747,0.0737,0.0303,0.6415,0.9983,0.1831,0.0831,0.2811
583,0.0728,0.0712,0.0296,0.6257,0.9957,0.2111,0.0927,0.2747
584,0.0705,0.0687,0.028,0.6086,0.9882,0.2366,0.1038,0.2685
585,0.0683,0.0653,0.0276,0.5949,0.9788,0.2654,0.1164,0.2626
586,0.0668,0.0645,0.0273,0.5815,0.9698,0.2974,0.13,0.257
587,0.0647,0.0633,0.0263,0.5687,0.96,0.3349,0.1437,0.2517
588,0.0629,0.0594,0.0255,0.5589,0.9457,0.3687,0.1587,0.2468
589,0.0615,0.0591,0.0237,0.5484,0.9338,0.4057,0.1777,0.2421
590,0.0599,0.0558,0.0234,0.5342,0.9249,0.447,0.1962,0.2376
591,0.0578,0.0544,0.0216,0.5244,0.9095,0.488,0.2155,0.2333
592,0.0557,0.053,0.0217,0.5182,0.8958,0.5307,0.2385,0.2291
593,0.0542,0.0501,0.0213,0.5044,0.8823,0.5715,0.2578,0.2249
594,0.0527,0.0492,0.0209,0.495,0.8693,0.6128,0.2815,0.2207
595,0.0511,0.0472,0.0203,0.4899,0.8562,0.655,0.3079,0.2165
596,0.0501,0.0461,0.0193,0.4855,0.8431,0.6917,0.3354,0.2122
597,0.048,0.0441,0.0185,0.4797,0.8278,0.7327,0.3664,0.2079
598,0.0464,0.0417,0.0179,0.4806,0.8159,0.7667,0.3906,0.2034
599,0.045,0.0407,0.0172,0.4771,0.8024,0.8078,0.4202,0.199
600,0.0434,0.0388,0.0162,0.4726,0.7926,0.8388,0.4505,0.1944
601,0.0416,0.037,0.0166,0.4665,0.7804,0.8688,0.4801,0.1899
602,0.0407,0.0361,0.0166,0.4594,0.7702,0.8957,0.5115,0.1855
603,0.0388,0.0356,0.0158,0.4519,0.7563,0.9197,0.543,0.1811
604,0.0376,0.0336,0.015,0.4475,0.7467,0.9368,0.5736,0.1769
605,0.0361,0.0324,0.0146,0.4395,0.7372,0.9605,0.6017,0.1728
606,0.0348,0.0325,0.0146,0.4339,0.7291,0.9738,0.6289,0.1692
607,0.0338,0.0296,0.0138,0.424,0.716,0.9799,0.6583,0.1658
608,0.0328,0.0286,0.0134,0.4133,0.7059,0.9889,0.6854,0.1626
609,0.0319,0.0279,0.0133,0.4051,0.6961,0.9956,0.7139,0.1597
610,0.0304,0.0271,0.0131,0.3994,0.6892,1,0.7423,0.1569
611,0.0291,0.0256,0.0123,0.3946,0.6792,0.9905,0.768,0.1544
612,0.0283,0.0252,0.0118,0.3899,0.6728,0.9909,0.7917,0.1521
613,0.0275,0.0242,0.0121,0.3868,0.6613,0.9757,0.8111,
614,0.0265,0.0222,0.0114,0.3797,0.652,0.968,0.8318,
615,0.0258,0.022,0.0113,0.3721,0.6423,0.9553,0.8538,
616,0.0247,0.0223,0.0112,0.3607,0.632,0.9425,0.8745,
617,0.0244,0.0208,0.0114,0.3498,0.6239,0.931,0.8924,
618,0.0232,0.0199,0.0107,0.3379,0.6157,0.9031,0.9051,
619,0.0227,0.019,0.0108,0.3238,0.6022,0.8924,0.9198,
620,0.0221,0.0179,0.0106,0.3151,0.5917,0.8709,0.9345,
621,0.0215,0.0178,0.0101,0.3036,0.5842,0.8518,0.9448,
622,0.0206,0.017,0.0095,0.2954,0.5758,0.8305,0.955,
623,0.0201,0.0173,0.0094,0.2861,0.5618,0.8119,0.9659,
624,0.0193,0.0155,0.0097,0.2804,0.5521,0.795,0.9711,
625,0.019,0.0153,0.0096,0.2694,0.5409,0.7723,0.9782,
626,0.0184,0.0152,0.0095,0.2606,0.5334,0.7536,0.9821,
627,0.0182,0.0147,0.0089,0.2549,0.5216,0.7389,0.9859,
628,0.0178,0.0149,0.0088,0.249,0.5075,0.7192,0.9894,
629,0.0171,0.0142,0.0093,0.2421,0.4987,0.7064,0.9917,
630,0.0165,0.0134,0.0092,0.2357,0.4907,0.6904,0.9962,
631,0.016,0.0136,0.0096,0.23,0.4775,0.6737,0.9986,
632,0.0158,0.0125,0.0083,0.219,0.4655,0.662,0.9991,
633,0.0156,0.0125,0.0081,0.2108,0.4558,0.65,1,
634,0.0151,0.012,0.0085,0.2043,0.4429,0.6335,0.9989,
635,0.0147,0.0118,0.0084,0.1981,0.4344,0.6157,0.9972,
636,0.0144,0.0119,0.0086,0.1925,0.424,0.6053,0.9989,
637,0.014,0.0113,0.0082,0.1892,0.4122,0.5957,0.9969,
638,0.0139,0.0111,0.0076,0.1855,0.4021,0.5824,0.9926,
639,0.0134,0.0109,0.0081,0.1766,0.3934,0.5763,0.9876,
640,0.0133,0.0108,0.0077,0.1719,0.3824,0.5621,0.9821,
641,0.0131,0.0104,0.0074,0.1683,0.3733,0.554,0.9779,
642,0.0126,0.0102,0.0082,0.1603,0.3622,0.5428,0.9745,
643,0.0124,0.0102,0.0079,0.154,0.3549,0.538,0.9706,
644,0.0122,0.0096,0.0075,0.1491,0.3475,0.5349,0.9636,
645,0.0121,0.0099,0.0072,0.1421,0.3362,0.5214,0.957,
646,0.0121,0.0096,0.0069,0.1353,0.3268,0.514,0.9523,
647,0.0116,0.0087,0.0074,0.1344,0.317,0.5032,0.9481,
648,0.0115,0.0097,0.007,0.1332,0.3079,0.4991,0.9383,
649,0.011,0.0088,0.0071,0.1311,0.2996,0.4887,0.9291,
650,0.0108,0.009,0.007,0.1299,0.2906,0.4834,0.9203,
651,,0.0084,,0.128,0.2856,0.4766,0.9127,
652,,0.0081,,0.125,0.2737,0.4707,0.9035,
653,,0.0079,,0.1208,0.2678,0.4618,0.8931,
654,,0.0079,,0.1219,0.2601,0.4554,0.8815,
655,,0.008,,0.1178,0.2518,0.4517,0.8728,
656,,0.0076,,0.1129,0.2431,0.4402,0.8646,
657,,0.0076,,0.1096,0.2348,0.4328,0.8551,
658,,0.0079,,0.1032,0.2272,0.4226,0.8474,
659,,0.008,,0.0972,0.2227,0.416,0.836,
660,,0.0071,,0.0954,0.2166,0.4128,0.8248,
661,,0.0078,,0.094,0.2097,0.4062,0.815,
662,,0.0075,,0.0925,0.2041,0.4,0.804,
663,,0.0073,,0.0915,0.1992,0.3916,0.7942,
664,,0.0071,,0.0902,0.1941,0.3858,0.7828,
665,,0.0073,,0.0889,0.188,0.3782,0.7722,
666,,0.007,,0.0889,0.1834,0.3705,0.7649,
667,,0.007,,0.0864,0.1784,0.3646,0.752,
668,,0.0069,,0.0848,0.1709,0.359,0.7386,
669,,0.007,,0.0838,0.1676,0.354,0.7252,
670,,0.0064,,0.0809,0.1634,0.3502,0.7157,
671,,0.0068,,0.0776,0.1598,0.3396,0.7007,
672,,0.0065,,0.0757,0.1531,0.3364,0.6911,
673,,0.0064,,0.0744,0.1501,0.3293,0.6807,
674,,0.0065,,0.0703,0.1459,0.3201,0.6678,
675,,0.0065,,0.0684,0.1419,0.314,0.6555,
676,,0.0067,,0.0656,0.139,0.3091,0.6419,
677,,0.0067,,0.0618,0.135,0.3047,0.6278,
678,,0.0065,,0.0608,0.1309,0.2968,0.6161,
679,,0.0065,,0.0605,0.1281,0.2864,0.6035,
680,,0.0064,,0.0581,0.1228,0.2786,0.5891,
681,,0.0065,,0.0579,0.1187,0.2757,0.5757,
682,,0.0064,,0.0567,0.1168,0.2675,0.5655,
683,,0.0071,,0.0528,0.1138,0.2602,0.5536,
684,,0.0069,,0.05,0.1104,0.252,0.5413,
685,,0.0066,,0.0517,0.1067,0.2466,0.5297,
686,,0.0068,,0.0503,0.1039,0.2398,0.52,
687,,0.0061,,0.0494,0.102,0.2325,0.5093,
688,,0.0069,,0.0504,0.0984,0.2308,0.5002,
689,,0.0061,,0.0491,0.0963,0.225,0.4918,
690,,0.0065,,0.0457,0.0934,0.2166,0.4839,
691,,0.006,,0.0432,0.0907,0.2064,0.4761,
692,,0.0068,,0.0417,0.088,0.2065,0.4674,
693,,0.0067,,0.0408,0.0856,0.1977,0.4625,
694,,0.0063,,0.0406,0.0823,0.1952,0.4551,
695,,0.0063,,0.0382,0.0813,0.1903,0.4474,
696,,0.0064,,0.0381,0.079,0.1848,0.4399,
697,,0.0067,,0.0375,0.075,0.1801,0.4336,
698,,0.0068,,0.0374,0.0744,0.1755,0.43,
699,,0.0064,,0.0361,0.0728,0.1694,0.423,
700,,0.0064,,0.0352,0.0693,0.1665,0.4169,
701,,,,0.0348,,0.1631,0.4113,
702,,,,0.0344,,0.1579,0.4062,
703,,,,0.0337,,0.1538,0.3982,
704,,,,0.032,,0.1487,0.3922,
705,,,,0.0336,,0.1451,0.3869,
706,,,,0.0331,,0.1425,0.3827,
707,,,,0.0338,,0.1417,0.3764,
708,,,,0.0316,,0.1361,0.3711,
709,,,,0.0325,,0.1354,0.3643,
710,,,,0.0313,,0.1284,0.3587,
711,,,,0.0297,,0.1258,0.3529,
712,,,,0.0271,,0.1245,0.3468,
713,,,,0.0281,,0.1219,0.3417,
714,,,,0.0268,,0.1196,0.3372,
715,,,,0.0259,,0.1157,0.3306,
716,,,,0.0254,,0.1112,0.3258,
717,,,,0.0252,,0.1096,0.3196,
718,,,,0.0232,,0.1064,0.3141,
719,,,,0.0222,,0.1044,0.3089,
720,,,,0.0227,,0.1018,0.3033,
721,,,,0.0224,,0.0996,0.2976,
722,,,,0.0224,,0.0968,0.2915,
723,,,,0.0218,,0.096,0.2864,
724,,,,0.0218,,0.0942,0.2808,
725,,,,0.0204,,0.0921,0.2739,
726,,,,0.0201,,0.0888,0.268,
727,,,,0.0194,,0.0874,0.2621,
728,,,,0.0211,,0.0862,0.2566,
729,,,,0.0211,,0.0829,0.2508,
730,,,,0.0223,,0.0814,0.2455,
731,,,,0.0235,,0.0791,0.2408,
732,,,,0.0234,,0.077,0.2364,
733,,,,0.0216,,0.078,0.2324,
734,,,,0.0216,,0.0728,0.2268,
735,,,,0.0213,,0.0748,0.2206,
736,,,,0.0189,,0.0709,0.2158,
737,,,,0.0182,,0.0733,0.2102,
738,,,,0.0177,,0.0682,0.2055,
739,,,,0.0172,,0.0666,0.2015,
740,,,,0.0161,,0.0664,0.1975,
741,,,,0.0153,,0.0663,0.1933,
742,,,,0.0149,,0.0612,0.1895,
743,,,,0.0135,,0.0628,0.1855,
744,,,,0.0129,,0.0603,0.1809,
745,,,,0.0112,,0.0606,0.1774,
746,,,,0.0108,,0.0569,0.1737,
747,,,,0.0107,,0.0558,0.1704,
748,,,,0.0129,,0.056,0.1661,
749,,,,,,0.0559,0.1627,
750,,,,,,0.0536,0.1585,
751,,,,,,0.0513,0.1559,
752,,,,,,0.0523,0.1518,
753,,,,,,0.05,0.148,
754,,,,,,0.0496,0.1453,
755,,,,,,0.048,0.141,
756,,,,,,0.0454,0.1387,
757,,,,,,0.0456,0.1354,
758,,,,,,0.0437,0.1319,
759,,,,,,0.0434,0.1281,
760,,,,,,0.0403,0.1256,
761,,,,,,0.0414,0.1228,
762,,,,,,0.0398,0.12,
763,,,,,,0.0401,0.1165,
764,,,,,,0.0395,0.1141,
765,,,,,,0.0359,0.1108,
766,,,,,,0.038,0.1081,
767,,,,,,0.0368,0.1055,
768,,,,,,0.0339,0.1031,
769,,,,,,0.0335,0.1005,
770,,,,,,0.0336,0.0986,
771,,,,,,0.0329,0.0958,
772,,,,,,0.0324,0.094,
773,,,,,,0.0307,0.091,
774,,,,,,0.0305,0.0894,
775,,,,,,0.0295,0.0874,
776,,,,,,0.03,0.0852,
777,,,,,,0.0295,0.0829,
778,,,,,,0.0273,0.0804,
779,,,,,,0.0263,0.0782,
780,,,,,,0.027,0.0765,
781,,,,,,0.0253,0.0754,
782,,,,,,0.025,0.0732,
783,,,,,,0.0264,0.0717,
784,,,,,,0.0245,0.0701,
785,,,,,,0.024,0.0685,
786,,,,,,0.0234,0.0674,
787,,,,,,0.0218,0.0658,
788,,,,,,0.0216,0.0642,
789,,,,,,0.0217,0.0624,
790,,,,,,0.0199,0.0607,
791,,,,,,0.0211,0.0592,
792,,,,,,0.02,0.0576,
793,,,,,,0.0196,0.0565,
794,,,,,,0.0178,0.0551,
795,,,,,,0.0175,0.0535,
796,,,,,,0.0199,0.0521,
797,,,,,,0.0183,0.0507,
798,,,,,,0.0166,0.0498,
799,,,,,,0.0163,0.0486,
800,,,,,,0.0167,0.0472,
801,,,,,,,,
802,,,,,,,,
803,,,,,,,,
804,,,,,,,,
805,,,,,,,,
806,,,,,,,,
807,,,,,,,,
808,,,,,,,,
809,,,,,,,,
810,,,,,,,,
811,,,,,,,,
812,,,,,,,,
813,,,,,,,,
814,,,,,,,,
815,,,,,,,,
816,,,,,,,,
817,,,,,,,,
818,,,,,,,,
819,,,,,,,,
820,,,,,,,,
821,,,,,,,,
822,,,,,,,,
823,,,,,,,,
824,,,,,,,,
825,,,,,,,,
826,,,,,,,,
827,,,,,,,,
828,,,,,,,,
829,,,,,,,,
830,,,,,,,,
831,,,,,,,,
832,,,,,,,,
833,,,,,,,,
834,,,,,,,,
835,,,,,,,,
836,,,,,,,,
837,,,,,,,,
838,,,,,,,,
839,,,,,,,,
840,,,,,,,,
841,,,,,,,,
842,,,,,,,,
843,,,,,,,,
844,,,,,,,,
845,,,,,,,,
846,,,,,,,,
847,,,,,,,,
848,,,,,,,,
849,,,,,,,,
850,,,,,,,,
851,,,,,,,,
852,,,,,,,,
853,,,,,,,,
854,,,,,,,,
855,,,,,,,,
856,,,,,,,,
857,,,,,,,,
858,,,,,,,,
859,,,,,,,,
860,,,,,,,,
861,,,,,,,,
862,,,,,,,,
863,,,,,,,,
864,,,,,,,,
865,,,,,,,,
866,,,,,,,,
867,,,,,,,,
868,,,,,,,,
869,,,,,,,,
870,,,,,,,,
871,,,,,,,,
872,,,,,,,,
873,,,,,,,,
874,,,,,,,,
875,,,,,,,,
876,,,,,,,,
877,,,,,,,,
878,,,,,,,,
879,,,,,,,,
880,,,,,,,,
881,,,,,,,,
882,,,,,,,,
883,,,,,,,,
884,,,,,,,,
885,,,,,,,,
886,,,,,,,,
887,,,,,,,,
888,,,,,,,,
889,,,,,,,,
890,,,,,,,,
891,,,,,,,,
892,,,,,,,,
893,,,,,,,,
894,,,,,,,,
895,,,,,,,,
896,,,,,,,,
897,,,,,,,,
898,,,,,,,,
899,,,,,,,,
900,,,,,,,,
901,,,,,,,,
902,,,,,,,,
903,,,,,,,,
904,,,,,,,,
905,,,,,,,,
906,,,,,,,,
907,,,,,,,,
908,,,,,,,,
909,,,,,,,,
910,,,,,,,,
911,,,,,,,,
912,,,,,,,,
913,,,,,,,,
914,,,,,,,,
915,,,,,,,,
916,,,,,,,,
917,,,,,,,,
918,,,,,,,,
919,,,,,,,,
920,,,,,,,,
921,,,,,,,,
922,,,,,,,,
923,,,,,,,,
924,,,,,,,,
925,,,,,,,,
926,,,,,,,,
927,,,,,,,,
928,,,,,,,,
929,,,,,,,,
930,,,,,,,,
931,,,,,,,,
932,,,,,,,,
933,,,,,,,,
934,,,,,,,,
935,,,,,,,,
936,,,,,,,,
937,,,,,,,,
938,,,,,,,,
939,,,,,,,,
940,,,,,,,,
941,,,,,,,,
942,,,,,,,,
943,,,,,,,,
944,,,,,,,,
945,,,,,,,,
946,,,,,,,,
947,,,,,,,,
948,,,,,,,,
949,,,,,,,,
950,,,,,,,,
951,,,,,,,,
952,,,,,,,,
953,,,,,,,,
954,,,,,,,,
955,,,,,,,,
956,,,,,,,,
957,,,,,,,,
958,,,,,,,,
959,,,,,,,,
960,,,,,,,,
961,,,,,,,,
962,,,,,,,,
963,,,,,,,,
964,,,,,,,,
965,,,,,,,,
966,,,,,,,,
967,,,,,,,,
968,,,,,,,,
969,,,,,,,,
970,,,,,,,,
971,,,,,,,,
972,,,,,,,,
973,,,,,,,,
974,,,,,,,,
975,,,,,,,,
976,,,,,,,,
977,,,,,,,,
978,,,,,,,,
979,,,,,,,,
980,,,,,,,,
981,,,,,,,,
982,,,,,,,,
983,,,,,,,,
984,,,,,,,,
985,,,,,,,,
986,,,,,,,,
987,,,,,,,,
988,,,,,,,,
989,,,,,,,,
990,,,,,,,,
991,,,,,,,,
992,,,,,,,,
993,,,,,,,,
994,,,,,,,,
995,,,,,,,,
996,,,,,,,,
997,,,,,,,,
998,,,,,,,,
999,,,,,,,,
1000,,,,,,,,
1001,,,,,,,,
1002,,,,,,,,
1003,,,,,,,,
1004,,,,,,,,
1005,,,,,,,,
1006,,,,,,,,
1007,,,,,,,,
1008,,,,,,,,
1009,,,,,,,,
1010,,,,,,,,
1011,,,,,,,,
1012,,,,,,,,
1013,,,,,,,,
1014,,,,,,,,
1015,,,,,,,,
1016,,,,,,,,
1017,,,,,,,,
1018,,,,,,,,
1019,,,,,,,,
1020,,,,,,,,
1021,,,,,,,,
1022,,,,,,,,
1023,,,,,,,,
1024,,,,,,,,
1025,,,,,,,,
1026,,,,,,,,
1027,,,,,,,,
1028,,,,,,,,
1029,,,,,,,,
1030,,,,,,,,
1031,,,,,,,,
1032,,,,,,,,
1033,,,,,,,,
1034,,,,,,,,
1035,,,,,,,,
1036,,,,,,,,
1037,,,,,,,,
1038,,,,,,,,
1039,,,,,,,,
1040,,,,,,,,
1041,,,,,,,,
1042,,,,,,,,
1043,,,,,,,,
1044,,,,,,,,
1045,,,,,,,,
1046,,,,,,,,
1047,,,,,,,,
1048,,,,,,,,
1049,,,,,,,,
1050,,,,,,,,
1051,,,,,,,,
1052,,,,,,,,
1053,,,,,,,,
1054,,,,,,,,
1055,,,,,,,,
1056,,,,,,,,
1057,,,,,,,,
1058,,,,,,,,
1059,,,,,,,,
1060,,,,,,,,
1061,,,,,,,,
1062,,,,,,,,
1063,,,,,,,,
1064,,,,,,,,
1065,,,,,,,,
1066,,,,,,,,
1067,,,,,,,,
1068,,,,,,,,
1069,,,,,,,,
1070,,,,,,,,
1071,,,,,,,,
1072,,,,,,,,
1073,,,,,,,,
1074,,,,,,,,
1075,,,,,,,,
1076,,,,,,,,
1077,,,,,,,,
1078,,,,,,,,
1079,,,,,,,,
1080,,,,,,,,
1081,,,,,,,,
1082,,,,,,,,
1083,,,,,,,,
1084,,,,,,,,
1085,,,,,,,,
1086,,,,,,,,
1087,,,,,,,,
1088,,,,,,,,
1089,,,,,,,,
1090,,,,,,,,
1091,,,,,,,,
1092,,,,,,,,
1093,,,,,,,,
1094,,,,,,,,
1095,,,,,,,,
1096,,,,,,,,
1097,,,,,,,,
1098,,,,,,,,
1099,,,,,,,,
1100,,,,,,,,
1101,,,,,,,,
1102,,,,,,,,
1103,,,,,,,,
1104,,,,,,,,
1105,,,,,,,,
1106,,,,,,,,
1107,,,,,,,,
1108,,,,,,,,
1109,,,,,,,,
1110,,,,,,,,
1111,,,,,,,,
1112,,,,,,,,
1113,,,,,,,,
1114,,,,,,,,
1115,,,,,,,,
1116,,,,,,,,
1117,,,,,,,,
1118,,,,,,,,
1119,,,,,,,,
1120,,,,,,,,
1121,,,,,,,,
1122,,,,,,,,
1123,,,,,,,,
1124,,,,,,,,
1125,,,,,,,,
1126,,,,,,,,
1127,,,,,,,,
1128,,,,,,,,
1129,,,,,,,,
1130,,,,,,,,
1131,,,,,,,,
1132,,,,,,,,
1133,,,,,,,,
1134,,,,,,,,
1135,,,,,,,,
1136,,,,,,,,
1137,,,,,,,,
1138,,,,,,,,
1139,,,,,,,,
1140,,,,,,,,
1141,,,,,,,,
1142,,,,,,,,
1143,,,,,,,,
1144,,,,,,,,
1145,,,,,,,,
1146,,,,,,,,
1147,,,,,,,,
1148,,,,,,,,
1149,,,,,,,,
1150,,,,,,,,
1151,,,,,,,,
1152,,,,,,,,
1153,,,,,,,,
1154,,,,,,,,
1155,,,,,,,,
1156,,,,,,,,
1157,,,,,,,,
1158,,,,,,,,
1159,,,,,,,,
1160,,,,,,,,
1161,,,,,,,,
1162,,,,,,,,
1163,,,,,,,,
1164,,,,,,,,
1165,,,,,,,,
1166,,,,,,,,
1167,,,,,,,,
1168,,,,,,,,
1169,,,,,,,,
1170,,,,,,,,
1171,,,,,,,,
1172,,,,,,,,
1173,,,,,,,,
1174,,,,,,,,
1175,,,,,,,,
1176,,,,,,,,
1177,,,,,,,,
1178,,,,,,,,
1179,,,,,,,,
1180,,,,,,,,
1181,,,,,,,,
1182,,,,,,,,
1183,,,,,,,,
1184,,,,,,,,
1185,,,,,,,,
1186,,,,,,,,
1187,,,,,,,,
1188,,,,,,,,
1189,,,,,,,,
1190,,,,,,,,
1191,,,,,,,,
1192,,,,,,,,
1193,,,,,,,,
1194,,,,,,,,
1195,,,,,,,,
1196,,,,,,,,
1197,,,,,,,,
1198,,,,,,,,
1199,,,,,,,,
1200,,,,,,,,
1201,,,,,,,,
1202,,,,,,,,
1203,,,,,,,,
1204,,,,,,,,
1205,,,,,,,,
1206,,,,,,,,
1207,,,,,,,,
1208,,,,,,,,
1209,,,,,,,,
1210,,,,,,,,
1211,,,,,,,,
1212,,,,,,,,
1213,,,,,,,,
1214,,,,,,,,
1215,,,,,,,,
1216,,,,,,,,
1217,,,,,,,,
1218,,,,,,,,
1219,,,,,,,,
1220,,,,,,,,
1221,,,,,,,,
1222,,,,,,,,
1223,,,,,,,,
1224,,,,,,,,
1225,,,,,,,,
1226,,,,,,,,
1227,,,,,,,,
1228,,,,,,,,
1229,,,,,,,,
1230,,,,,,,,
1231,,,,,,,,
1232,,,,,,,,
1233,,,,,,,,
1234,,,,,,,,
1235,,,,,,,,
1236,,,,,,,,
1237,,,,,,,,
1238,,,,,,,,
1239,,,,,,,,
1240,,,,,,,,
1241,,,,,,,,
1242,,,,,,,,
1243,,,,,,,,
1244,,,,,,,,
1245,,,,,,,,
1246,,,,,,,,
1247,,,,,,,,
1248,,,,,,,,
1249,,,,,,,,
1250,,,,,,,,
1251,,,,,,,,
1252,,,,,,,,
1253,,,,,,,,
1254,,,,,,,,
1255,,,,,,,,
1256,,,,,,,,
1257,,,,,,,,
1258,,,,,,,,
1259,,,,,,,,
1260,,,,,,,,
1261,,,,,,,,
1262,,,,,,,,
1263,,,,,,,,
1264,,,,,,,,
1265,,,,,,,,
1266,,,,,,,,
1267,,,,,,,,
1268,,,,,,,,
1269,,,,,,,,
1270,,,,,,,,
1271,,,,,,,,
1272,,,,,,,,
1273,,,,,,,,
1274,,,,,,,,
1275,,,,,,,,
1276,,,,,,,,
1277,,,,,,,,
1278,,,,,,,,
1279,,,,,,,,
1280,,,,,,,,
1281,,,,,,,,
1282,,,,,,,,
1283,,,,,,,,
1284,,,,,,,,
1285,,,,,,,,
1286,,,,,,,,
1287,,,,,,,,
1288,,,,,,,,
1289,,,,,,,,
1290,,,,,,,,
1291,,,,,,,,
1292,,,,,,,,
1293,,,,,,,,
1294,,,,,,,,
1295,,,,,,,,
1296,,,,,,,,
1297,,,,,,,,
1298,,,,,,,,
1299,,,,,,,,
1300,,,,,,,,
1301,,,,,,,,
1302,,,,,,,,
1303,,,,,,,,
1304,,,,,,,,
1305,,,,,,,,
1306,,,,,,,,
1307,,,,,,,,
1308,,,,,,,,
1309,,,,,,,,
1310,,,,,,,,
1311,,,,,,,,
1312,,,,,,,,
1313,,,,,,,,
1314,,,,,,,,
1315,,,,,,,,
1316,,,,,,,,
1317,,,,,,,,
1318,,,,,,,,
1319,,,,,,,,
1320,,,,,,,,
1321,,,,,,,,
1322,,,,,,,,
1323,,,,,,,,
1324,,,,,,,,
1325,,,,,,,,
1326,,,,,,,,
1327,,,,,,,,
1328,,,,,,,,
1329,,,,,,,,
1330,,,,,,,,
1331,,,,,,,,
1332,,,,,,,,
1333,,,,,,,,
1334,,,,,,,,
1335,,,,,,,,
1336,,,,,,,,
1337,,,,,,,,
1338,,,,,,,,
1339,,,,,,,,
1340,,,,,,,,
1341,,,,,,,,
1342,,,,,,,,
1343,,,,,,,,
1344,,,,,,,,
1345,,,,,,,,
1346,,,,,,,,
1347,,,,,,,,
1348,,,,,,,,
1349,,,,,,,,
1350,,,,,,,,
1351,,,,,,,,
1352,,,,,,,,
1353,,,,,,,,
1354,,,,,,,,
1355,,,,,,,,
1356,,,,,,,,
1357,,,,,,,,
1358,,,,,,,,
1359,,,,,,,,
1360,,,,,,,,
1361,,,,,,,,
1362,,,,,,,,
1363,,,,,,,,
1364,,,,,,,,
1365,,,,,,,,
1366,,,,,,,,
1367,,,,,,,,
1368,,,,,,,,
1369,,,,,,,,
1370,,,,,,,,
1371,,,,,,,,
1372,,,,,,,,
1373,,,,,,,,
1374,,,,,,,,
1375,,,,,,,,
1376,,,,,,,,
1377,,,,,,,,
1378,,,,,,,,
1379,,,,,,,,
1380,,,,,,,,
1381,,,,,,,,
1382,,,,,,,,
1383,,,,,,,,
1384,,,,,,,,
1385,,,,,,,,
1386,,,,,,,,
1387,,,,,,,,
1388,,,,,,,,
1389,,,,,,,,
1390,,,,,,,,
1391,,,,,,,,
1392,,,,,,,,
1393,,,,,,,,
1394,,,,,,,,
1395,,,,,,,,
1396,,,,,,,,
1397,,,,,,,,
1398,,,,,,,,
1399,,,,,,,,
